case_id,baseline_method,target_method,rectangle_count,baseline_travel_mode_cost,target_travel_mode_cost,travel_mode_cost_delta,travel_mode_cost_reduction_pct,baseline_air_move_distance,target_air_move_distance,air_move_distance_reduction_pct,baseline_cutting_length,target_cutting_length,baseline_machining_cost,target_machining_cost,machining_cost_reduction_pct,baseline_hard_penalty,target_hard_penalty,hard_penalty_delta,baseline_stability_penalty,target_stability_penalty,stability_penalty_delta,stability_penalty_reduction,baseline_tool_event_count,target_tool_event_count,tool_event_count_reduction,baseline_runtime_ms,target_runtime_ms,runtime_ratio,process_key_winner
paper_extended_suite_20260321_continuous_run_only_20260324_0001.zip|paper_extended_suite_20260321/exp_ablation_pub_1seed_300s/exp_ablation_pub_1seed_300s__ngcut9/ours_base/seed_1000/placements.csv|1,single_edges_only,full_process_aware_beam,9,40.000000,32.000000,-8.000000,20.000000,40.000000,32.000000,20.000000,236.000000,150.000000,276.000000,182.000000,34.057971,0.000000,0.000000,0.000000,0.000000,0.000000,0.000000,0.000000,14.000000,18.000000,-4.000000,151.690792,94.773125,0.624778,target
paper_extended_suite_20260321_continuous_run_only_20260324_0001.zip|paper_extended_suite_20260321/exp_ablation_pub_1seed_300s/exp_ablation_pub_1seed_300s__ngcut9/ours_base/seed_1000/placements.csv|1,no_stability_guidance,full_process_aware_beam,9,65.601471,32.000000,-33.601471,51.220606,65.601471,32.000000,51.220606,150.000000,150.000000,215.601471,182.000000,15.584991,0.000000,0.000000,0.000000,2.000000,0.000000,-2.000000,2.000000,18.000000,18.000000,0.000000,120.900833,94.773125,0.783891,target
paper_extended_suite_20260321_continuous_run_only_20260324_0001.zip|paper_extended_suite_20260321/exp_ablation_pub_1seed_300s/exp_ablation_pub_1seed_300s__ngcut9/ours_base/seed_1000/placements.csv|1,no_adjacency_support_guidance,full_process_aware_beam,9,77.222123,32.000000,-45.222123,58.561098,77.222123,32.000000,58.561098,150.000000,150.000000,227.222123,182.000000,19.902166,0.000000,0.000000,0.000000,0.000000,0.000000,0.000000,0.000000,30.000000,18.000000,12.000000,64.108166,94.773125,1.478332,target
paper_extended_suite_20260321_continuous_run_only_20260324_0001.zip|paper_extended_suite_20260321/exp_ablation_pub_1seed_300s/exp_ablation_pub_1seed_300s__ngcut9/ours_base/seed_1000/placements.csv|1,topology_no_beam,full_process_aware_beam,9,63.700490,32.000000,-31.700490,49.764908,63.700490,32.000000,49.764908,150.000000,150.000000,213.700490,182.000000,14.834075,0.000000,0.000000,0.000000,0.000000,0.000000,0.000000,0.000000,22.000000,18.000000,4.000000,31.759625,94.773125,2.984076,target
paper_extended_suite_20260321_continuous_run_only_20260324_0001.zip|paper_extended_suite_20260321/exp_ablation_pub_1seed_300s/exp_ablation_pub_1seed_300s__ngcut9/ours_base/seed_1000/placements.csv|1,path_distance_baseline,full_process_aware_beam,9,34.000000,32.000000,-2.000000,5.882353,34.000000,32.000000,5.882353,150.000000,150.000000,184.000000,182.000000,1.086957,0.000000,0.000000,0.000000,1.000000,0.000000,-1.000000,1.000000,16.000000,18.000000,-2.000000,99.127667,94.773125,0.956071,target
paper_extended_suite_20260321_continuous_run_only_20260324_0001.zip|paper_extended_suite_20260321/exp_ablation_pub_1seed_300s/exp_ablation_pub_1seed_300s__ngcut9/ours_base/seed_1000/placements.csv|1,no_detour_operator,full_process_aware_beam,9,32.000000,32.000000,0.000000,0.000000,32.000000,32.000000,0.000000,150.000000,150.000000,182.000000,182.000000,0.000000,0.000000,0.000000,0.000000,0.000000,0.000000,0.000000,0.000000,18.000000,18.000000,0.000000,57.369042,94.773125,1.651991,baseline
paper_extended_suite_20260321_continuous_run_only_20260324_0001.zip|paper_extended_suite_20260321/exp_ablation_pub_1seed_300s/exp_ablation_pub_1seed_300s__ngcut9/ours_base/seed_1000/placements.csv|1,no_safe_travel_modes,full_process_aware_beam,9,32.000000,32.000000,0.000000,0.000000,32.000000,32.000000,0.000000,150.000000,150.000000,182.000000,182.000000,0.000000,0.000000,0.000000,0.000000,0.000000,0.000000,0.000000,0.000000,18.000000,18.000000,0.000000,56.433958,94.773125,1.679363,baseline
paper_extended_suite_20260321_continuous_run_only_20260324_0001.zip|paper_extended_suite_20260321/exp_ablation_pub_1seed_300s/exp_ablation_pub_1seed_300s__ngcut9/ours_base/seed_1000/placements.csv|2,single_edges_only,full_process_aware_beam,7,19.000000,18.000000,-1.000000,5.263158,19.000000,18.000000,5.263158,260.000000,168.000000,279.000000,186.000000,33.333333,0.000000,0.000000,0.000000,0.000000,0.000000,0.000000,0.000000,8.000000,14.000000,-6.000000,93.656583,71.433000,0.762712,target
paper_extended_suite_20260321_continuous_run_only_20260324_0001.zip|paper_extended_suite_20260321/exp_ablation_pub_1seed_300s/exp_ablation_pub_1seed_300s__ngcut9/ours_base/seed_1000/placements.csv|2,no_stability_guidance,full_process_aware_beam,7,30.605551,18.000000,-12.605551,41.187140,30.605551,18.000000,41.187140,168.000000,168.000000,198.605551,186.000000,6.347029,0.000000,0.000000,0.000000,1.000000,0.000000,-1.000000,1.000000,16.000000,14.000000,2.000000,59.982917,71.433000,1.190889,target
paper_extended_suite_20260321_continuous_run_only_20260324_0001.zip|paper_extended_suite_20260321/exp_ablation_pub_1seed_300s/exp_ablation_pub_1seed_300s__ngcut9/ours_base/seed_1000/placements.csv|2,no_adjacency_support_guidance,full_process_aware_beam,7,67.470177,18.000000,-49.470177,73.321546,67.470177,18.000000,73.321546,168.000000,168.000000,235.470177,186.000000,21.009105,0.000000,0.000000,0.000000,0.000000,0.000000,0.000000,0.000000,22.000000,14.000000,8.000000,45.332042,71.433000,1.575773,target
paper_extended_suite_20260321_continuous_run_only_20260324_0001.zip|paper_extended_suite_20260321/exp_ablation_pub_1seed_300s/exp_ablation_pub_1seed_300s__ngcut9/ours_base/seed_1000/placements.csv|2,topology_no_beam,full_process_aware_beam,7,31.000000,18.000000,-13.000000,41.935484,31.000000,18.000000,41.935484,168.000000,168.000000,199.000000,186.000000,6.532663,0.000000,0.000000,0.000000,0.000000,0.000000,0.000000,0.000000,14.000000,14.000000,0.000000,16.135459,71.433000,4.427082,target
paper_extended_suite_20260321_continuous_run_only_20260324_0001.zip|paper_extended_suite_20260321/exp_ablation_pub_1seed_300s/exp_ablation_pub_1seed_300s__ngcut9/ours_base/seed_1000/placements.csv|2,path_distance_baseline,full_process_aware_beam,7,26.000000,18.000000,-8.000000,30.769231,26.000000,18.000000,30.769231,168.000000,168.000000,194.000000,186.000000,4.123711,0.000000,0.000000,0.000000,1.000000,0.000000,-1.000000,1.000000,16.000000,14.000000,2.000000,73.569125,71.433000,0.970964,target
paper_extended_suite_20260321_continuous_run_only_20260324_0001.zip|paper_extended_suite_20260321/exp_ablation_pub_1seed_300s/exp_ablation_pub_1seed_300s__ngcut9/ours_base/seed_1000/placements.csv|2,no_detour_operator,full_process_aware_beam,7,18.000000,18.000000,0.000000,0.000000,18.000000,18.000000,0.000000,168.000000,168.000000,186.000000,186.000000,0.000000,0.000000,0.000000,0.000000,0.000000,0.000000,0.000000,0.000000,14.000000,14.000000,0.000000,44.541584,71.433000,1.603737,baseline
paper_extended_suite_20260321_continuous_run_only_20260324_0001.zip|paper_extended_suite_20260321/exp_ablation_pub_1seed_300s/exp_ablation_pub_1seed_300s__ngcut9/ours_base/seed_1000/placements.csv|2,no_safe_travel_modes,full_process_aware_beam,7,18.000000,18.000000,0.000000,0.000000,18.000000,18.000000,0.000000,168.000000,168.000000,186.000000,186.000000,0.000000,0.000000,0.000000,0.000000,0.000000,0.000000,0.000000,0.000000,14.000000,14.000000,0.000000,43.993500,71.433000,1.623717,baseline
paper_extended_suite_20260321_continuous_run_only_20260324_0001.zip|paper_extended_suite_20260321/exp_ablation_pub_1seed_300s/exp_ablation_pub_1seed_300s__ngcut9/ours_base/seed_1000/placements.csv|3,single_edges_only,full_process_aware_beam,2,0.000000,12.615773,12.615773,,0.000000,12.615773,,86.000000,69.000000,86.000000,81.615773,5.097938,0.000000,0.000000,0.000000,0.000000,0.000000,0.000000,0.000000,2.000000,6.000000,-4.000000,9.853292,8.900000,0.903251,target
paper_extended_suite_20260321_continuous_run_only_20260324_0001.zip|paper_extended_suite_20260321/exp_ablation_pub_1seed_300s/exp_ablation_pub_1seed_300s__ngcut9/ours_base/seed_1000/placements.csv|3,no_stability_guidance,full_process_aware_beam,2,5.000000,12.615773,7.615773,-152.315462,5.000000,12.615773,-152.315462,69.000000,69.000000,74.000000,81.615773,-10.291585,0.000000,0.000000,0.000000,0.000000,0.000000,0.000000,0.000000,2.000000,6.000000,-4.000000,8.349083,8.900000,1.065985,baseline
paper_extended_suite_20260321_continuous_run_only_20260324_0001.zip|paper_extended_suite_20260321/exp_ablation_pub_1seed_300s/exp_ablation_pub_1seed_300s__ngcut9/ours_base/seed_1000/placements.csv|3,no_adjacency_support_guidance,full_process_aware_beam,2,5.000000,12.615773,7.615773,-152.315462,5.000000,12.615773,-152.315462,69.000000,69.000000,74.000000,81.615773,-10.291585,0.000000,0.000000,0.000000,0.000000,0.000000,0.000000,0.000000,2.000000,6.000000,-4.000000,7.112083,8.900000,1.251391,baseline
paper_extended_suite_20260321_continuous_run_only_20260324_0001.zip|paper_extended_suite_20260321/exp_ablation_pub_1seed_300s/exp_ablation_pub_1seed_300s__ngcut9/ours_base/seed_1000/placements.csv|3,topology_no_beam,full_process_aware_beam,2,12.615773,12.615773,0.000000,0.000000,12.615773,12.615773,0.000000,69.000000,69.000000,81.615773,81.615773,0.000000,0.000000,0.000000,0.000000,0.000000,0.000000,0.000000,0.000000,6.000000,6.000000,0.000000,1.415500,8.900000,6.287531,baseline
paper_extended_suite_20260321_continuous_run_only_20260324_0001.zip|paper_extended_suite_20260321/exp_ablation_pub_1seed_300s/exp_ablation_pub_1seed_300s__ngcut9/ours_base/seed_1000/placements.csv|3,path_distance_baseline,full_process_aware_beam,2,5.000000,12.615773,7.615773,-152.315462,5.000000,12.615773,-152.315462,69.000000,69.000000,74.000000,81.615773,-10.291585,0.000000,0.000000,0.000000,0.000000,0.000000,0.000000,0.000000,2.000000,6.000000,-4.000000,15.945417,8.900000,0.558154,baseline
paper_extended_suite_20260321_continuous_run_only_20260324_0001.zip|paper_extended_suite_20260321/exp_ablation_pub_1seed_300s/exp_ablation_pub_1seed_300s__ngcut9/ours_base/seed_1000/placements.csv|3,no_detour_operator,full_process_aware_beam,2,12.615773,12.615773,0.000000,0.000000,12.615773,12.615773,0.000000,69.000000,69.000000,81.615773,81.615773,0.000000,0.000000,0.000000,0.000000,0.000000,0.000000,0.000000,0.000000,6.000000,6.000000,0.000000,8.143125,8.900000,1.092947,baseline
paper_extended_suite_20260321_continuous_run_only_20260324_0001.zip|paper_extended_suite_20260321/exp_ablation_pub_1seed_300s/exp_ablation_pub_1seed_300s__ngcut9/ours_base/seed_1000/placements.csv|3,no_safe_travel_modes,full_process_aware_beam,2,12.615773,12.615773,0.000000,0.000000,12.615773,12.615773,0.000000,69.000000,69.000000,81.615773,81.615773,0.000000,0.000000,0.000000,0.000000,0.000000,0.000000,0.000000,0.000000,6.000000,6.000000,0.000000,7.702833,8.900000,1.155419,baseline
paper_extended_suite_20260321_continuous_run_only_20260324_0001.zip|paper_extended_suite_20260321/exp_main_pub_all_1seed_300s/exp_main_pub_all_1seed_300s__ngcut9/baseline_greedy/seed_1000/placements.csv|1,single_edges_only,full_process_aware_beam,4,21.485281,24.950845,3.465563,-16.129941,21.485281,24.950845,-16.129941,162.000000,117.000000,183.485281,141.950845,22.636386,0.000000,0.000000,0.000000,0.000000,0.000000,0.000000,0.000000,10.000000,10.000000,0.000000,32.118625,27.229292,0.847773,target
paper_extended_suite_20260321_continuous_run_only_20260324_0001.zip|paper_extended_suite_20260321/exp_main_pub_all_1seed_300s/exp_main_pub_all_1seed_300s__ngcut9/baseline_greedy/seed_1000/placements.csv|1,no_stability_guidance,full_process_aware_beam,4,24.000000,24.950845,0.950845,-3.961853,24.000000,24.950845,-3.961853,117.000000,117.000000,141.000000,141.950845,-0.674358,0.000000,0.000000,0.000000,1.000000,0.000000,-1.000000,1.000000,8.000000,10.000000,-2.000000,26.531417,27.229292,1.026304,target
paper_extended_suite_20260321_continuous_run_only_20260324_0001.zip|paper_extended_suite_20260321/exp_main_pub_all_1seed_300s/exp_main_pub_all_1seed_300s__ngcut9/baseline_greedy/seed_1000/placements.csv|1,no_adjacency_support_guidance,full_process_aware_beam,4,36.720045,24.950845,-11.769201,32.051160,36.720045,24.950845,32.051160,117.000000,117.000000,153.720045,141.950845,7.656256,0.000000,0.000000,0.000000,0.000000,0.000000,0.000000,0.000000,12.000000,10.000000,2.000000,20.251000,27.229292,1.344590,target
paper_extended_suite_20260321_continuous_run_only_20260324_0001.zip|paper_extended_suite_20260321/exp_main_pub_all_1seed_300s/exp_main_pub_all_1seed_300s__ngcut9/baseline_greedy/seed_1000/placements.csv|1,topology_no_beam,full_process_aware_beam,4,50.935417,24.950845,-25.984573,51.014744,50.935417,24.950845,51.014744,117.000000,117.000000,167.935417,141.950845,15.472956,0.000000,0.000000,0.000000,0.000000,0.000000,0.000000,0.000000,14.000000,10.000000,4.000000,4.469500,27.229292,6.092246,target
paper_extended_suite_20260321_continuous_run_only_20260324_0001.zip|paper_extended_suite_20260321/exp_main_pub_all_1seed_300s/exp_main_pub_all_1seed_300s__ngcut9/baseline_greedy/seed_1000/placements.csv|1,path_distance_baseline,full_process_aware_beam,4,31.000000,24.950845,-6.049155,19.513404,31.000000,24.950845,19.513404,117.000000,117.000000,148.000000,141.950845,4.087267,0.000000,0.000000,0.000000,1.000000,0.000000,-1.000000,1.000000,8.000000,10.000000,-2.000000,36.968083,27.229292,0.736562,target
paper_extended_suite_20260321_continuous_run_only_20260324_0001.zip|paper_extended_suite_20260321/exp_main_pub_all_1seed_300s/exp_main_pub_all_1seed_300s__ngcut9/baseline_greedy/seed_1000/placements.csv|1,no_detour_operator,full_process_aware_beam,4,24.950845,24.950845,0.000000,0.000000,24.950845,24.950845,0.000000,117.000000,117.000000,141.950845,141.950845,0.000000,0.000000,0.000000,0.000000,0.000000,0.000000,0.000000,0.000000,10.000000,10.000000,0.000000,20.401208,27.229292,1.334690,baseline
paper_extended_suite_20260321_continuous_run_only_20260324_0001.zip|paper_extended_suite_20260321/exp_main_pub_all_1seed_300s/exp_main_pub_all_1seed_300s__ngcut9/baseline_greedy/seed_1000/placements.csv|1,no_safe_travel_modes,full_process_aware_beam,4,24.950845,24.950845,0.000000,0.000000,24.950845,24.950845,0.000000,117.000000,117.000000,141.950845,141.950845,0.000000,0.000000,0.000000,0.000000,0.000000,0.000000,0.000000,0.000000,10.000000,10.000000,0.000000,20.021750,27.229292,1.359986,baseline
paper_extended_suite_20260321_continuous_run_only_20260324_0001.zip|paper_extended_suite_20260321/exp_main_pub_all_1seed_300s/exp_main_pub_all_1seed_300s__ngcut9/baseline_greedy/seed_1000/placements.csv|2,single_edges_only,full_process_aware_beam,9,48.000000,52.556349,4.556349,-9.492394,48.000000,52.556349,-9.492394,248.000000,159.000000,296.000000,211.556349,28.528260,0.000000,0.000000,0.000000,0.000000,0.000000,0.000000,0.000000,14.000000,22.000000,-8.000000,179.021458,145.822792,0.814555,target
paper_extended_suite_20260321_continuous_run_only_20260324_0001.zip|paper_extended_suite_20260321/exp_main_pub_all_1seed_300s/exp_main_pub_all_1seed_300s__ngcut9/baseline_greedy/seed_1000/placements.csv|2,no_stability_guidance,full_process_aware_beam,9,54.721349,52.556349,-2.165000,3.956409,54.721349,52.556349,3.956409,159.000000,159.000000,213.721349,211.556349,1.013001,0.000000,0.000000,0.000000,5.000000,0.000000,-5.000000,5.000000,20.000000,22.000000,-2.000000,172.231208,145.822792,0.846669,target
paper_extended_suite_20260321_continuous_run_only_20260324_0001.zip|paper_extended_suite_20260321/exp_main_pub_all_1seed_300s/exp_main_pub_all_1seed_300s__ngcut9/baseline_greedy/seed_1000/placements.csv|2,no_adjacency_support_guidance,full_process_aware_beam,9,90.686565,52.556349,-38.130216,42.046158,90.686565,52.556349,42.046158,159.000000,159.000000,249.686565,211.556349,15.271233,0.000000,0.000000,0.000000,0.000000,0.000000,0.000000,0.000000,31.000000,22.000000,9.000000,52.918791,145.822792,2.755596,target
paper_extended_suite_20260321_continuous_run_only_20260324_0001.zip|paper_extended_suite_20260321/exp_main_pub_all_1seed_300s/exp_main_pub_all_1seed_300s__ngcut9/baseline_greedy/seed_1000/placements.csv|2,topology_no_beam,full_process_aware_beam,9,66.236068,52.556349,-13.679719,20.652975,66.236068,52.556349,20.652975,159.000000,159.000000,225.236068,211.556349,6.073503,0.000000,0.000000,0.000000,0.000000,0.000000,0.000000,0.000000,28.000000,22.000000,6.000000,38.687791,145.822792,3.769220,target
paper_extended_suite_20260321_continuous_run_only_20260324_0001.zip|paper_extended_suite_20260321/exp_main_pub_all_1seed_300s/exp_main_pub_all_1seed_300s__ngcut9/baseline_greedy/seed_1000/placements.csv|2,path_distance_baseline,full_process_aware_beam,9,30.236068,52.556349,22.320281,-73.820052,30.236068,52.556349,-73.820052,159.000000,159.000000,189.236068,211.556349,-11.794940,0.000000,0.000000,0.000000,1.000000,0.000000,-1.000000,1.000000,20.000000,22.000000,-2.000000,94.565875,145.822792,1.542023,target
paper_extended_suite_20260321_continuous_run_only_20260324_0001.zip|paper_extended_suite_20260321/exp_main_pub_all_1seed_300s/exp_main_pub_all_1seed_300s__ngcut9/baseline_greedy/seed_1000/placements.csv|2,no_detour_operator,full_process_aware_beam,9,41.828427,52.556349,10.727922,-25.647443,41.828427,52.556349,-25.647443,159.000000,159.000000,200.828427,211.556349,-5.341834,0.000000,0.000000,0.000000,0.000000,0.000000,0.000000,0.000000,22.000000,22.000000,0.000000,63.007333,145.822792,2.314378,baseline
paper_extended_suite_20260321_continuous_run_only_20260324_0001.zip|paper_extended_suite_20260321/exp_main_pub_all_1seed_300s/exp_main_pub_all_1seed_300s__ngcut9/baseline_greedy/seed_1000/placements.csv|2,no_safe_travel_modes,full_process_aware_beam,9,41.828427,52.556349,10.727922,-25.647443,41.828427,52.556349,-25.647443,159.000000,159.000000,200.828427,211.556349,-5.341834,0.000000,0.000000,0.000000,0.000000,0.000000,0.000000,0.000000,22.000000,22.000000,0.000000,62.302542,145.822792,2.340559,baseline
paper_extended_suite_20260321_continuous_run_only_20260324_0001.zip|paper_extended_suite_20260321/exp_main_pub_all_1seed_300s/exp_main_pub_all_1seed_300s__ngcut9/baseline_greedy/seed_1000/placements.csv|3,single_edges_only,full_process_aware_beam,5,17.830952,24.000000,6.169048,-34.597413,17.830952,24.000000,-34.597413,172.000000,113.000000,189.830952,137.000000,27.830526,0.000000,0.000000,0.000000,0.000000,0.000000,0.000000,0.000000,8.000000,12.000000,-4.000000,67.519666,34.173708,0.506130,target
paper_extended_suite_20260321_continuous_run_only_20260324_0001.zip|paper_extended_suite_20260321/exp_main_pub_all_1seed_300s/exp_main_pub_all_1seed_300s__ngcut9/baseline_greedy/seed_1000/placements.csv|3,no_stability_guidance,full_process_aware_beam,5,19.000000,24.000000,5.000000,-26.315789,19.000000,24.000000,-26.315789,113.000000,113.000000,132.000000,137.000000,-3.787879,0.000000,0.000000,0.000000,0.000000,0.000000,0.000000,0.000000,10.000000,12.000000,-2.000000,41.062250,34.173708,0.832241,baseline
paper_extended_suite_20260321_continuous_run_only_20260324_0001.zip|paper_extended_suite_20260321/exp_main_pub_all_1seed_300s/exp_main_pub_all_1seed_300s__ngcut9/baseline_greedy/seed_1000/placements.csv|3,no_adjacency_support_guidance,full_process_aware_beam,5,56.268548,24.000000,-32.268548,57.347398,56.268548,24.000000,57.347398,113.000000,113.000000,169.268548,137.000000,19.063523,0.000000,0.000000,0.000000,0.000000,0.000000,0.000000,0.000000,12.000000,12.000000,0.000000,28.273250,34.173708,1.208694,target
paper_extended_suite_20260321_continuous_run_only_20260324_0001.zip|paper_extended_suite_20260321/exp_main_pub_all_1seed_300s/exp_main_pub_all_1seed_300s__ngcut9/baseline_greedy/seed_1000/placements.csv|3,topology_no_beam,full_process_aware_beam,5,57.698449,24.000000,-33.698449,58.404428,57.698449,24.000000,58.404428,113.000000,113.000000,170.698449,137.000000,19.741509,0.000000,0.000000,0.000000,0.000000,0.000000,0.000000,0.000000,22.000000,12.000000,10.000000,7.728334,34.173708,4.421873,target
paper_extended_suite_20260321_continuous_run_only_20260324_0001.zip|paper_extended_suite_20260321/exp_main_pub_all_1seed_300s/exp_main_pub_all_1seed_300s__ngcut9/baseline_greedy/seed_1000/placements.csv|3,path_distance_baseline,full_process_aware_beam,5,29.000000,24.000000,-5.000000,17.241379,29.000000,24.000000,17.241379,113.000000,113.000000,142.000000,137.000000,3.521127,0.000000,0.000000,0.000000,1.000000,0.000000,-1.000000,1.000000,12.000000,12.000000,0.000000,59.778625,34.173708,0.571671,target
paper_extended_suite_20260321_continuous_run_only_20260324_0001.zip|paper_extended_suite_20260321/exp_main_pub_all_1seed_300s/exp_main_pub_all_1seed_300s__ngcut9/baseline_greedy/seed_1000/placements.csv|3,no_detour_operator,full_process_aware_beam,5,24.000000,24.000000,0.000000,0.000000,24.000000,24.000000,0.000000,113.000000,113.000000,137.000000,137.000000,0.000000,0.000000,0.000000,0.000000,0.000000,0.000000,0.000000,0.000000,12.000000,12.000000,0.000000,27.217041,34.173708,1.255600,baseline
paper_extended_suite_20260321_continuous_run_only_20260324_0001.zip|paper_extended_suite_20260321/exp_main_pub_all_1seed_300s/exp_main_pub_all_1seed_300s__ngcut9/baseline_greedy/seed_1000/placements.csv|3,no_safe_travel_modes,full_process_aware_beam,5,24.000000,24.000000,0.000000,0.000000,24.000000,24.000000,0.000000,113.000000,113.000000,137.000000,137.000000,0.000000,0.000000,0.000000,0.000000,0.000000,0.000000,0.000000,0.000000,12.000000,12.000000,0.000000,26.064500,34.173708,1.311121,baseline
paper_extended_suite_20260321_continuous_run_only_20260324_0001.zip|paper_extended_suite_20260321/exp_robust_ind_5seed_1200s/exp_robust_ind_5seed_1200s__data6/baseline_sa/seed_1004/placements.csv|1,single_edges_only,full_process_aware_beam,17,7558.586678,9495.048168,1936.461490,-25.619359,7558.586678,9245.048168,-22.311863,25241.000000,15766.000000,32799.586678,25261.048168,22.983639,0.000000,0.000000,0.000000,0.000000,0.000000,0.000000,0.000000,42.000000,50.000000,-8.000000,981.834542,373.374667,0.380283,target
paper_extended_suite_20260321_continuous_run_only_20260324_0001.zip|paper_extended_suite_20260321/exp_robust_ind_5seed_1200s/exp_robust_ind_5seed_1200s__data6/baseline_sa/seed_1004/placements.csv|1,no_stability_guidance,full_process_aware_beam,17,4823.625307,9495.048168,4671.422861,-96.844646,4823.625307,9245.048168,-91.661822,15766.000000,15766.000000,20589.625307,25261.048168,-22.688236,0.000000,0.000000,0.000000,2.000000,0.000000,-2.000000,2.000000,32.000000,50.000000,-18.000000,584.156833,373.374667,0.639169,target
paper_extended_suite_20260321_continuous_run_only_20260324_0001.zip|paper_extended_suite_20260321/exp_robust_ind_5seed_1200s/exp_robust_ind_5seed_1200s__data6/baseline_sa/seed_1004/placements.csv|1,no_adjacency_support_guidance,full_process_aware_beam,17,12905.923300,9495.048168,-3410.875132,26.428757,12905.923300,9245.048168,28.365852,15766.000000,15766.000000,28671.923300,25261.048168,11.896220,0.000000,0.000000,0.000000,0.000000,0.000000,0.000000,0.000000,59.000000,50.000000,9.000000,309.544375,373.374667,1.206207,target
paper_extended_suite_20260321_continuous_run_only_20260324_0001.zip|paper_extended_suite_20260321/exp_robust_ind_5seed_1200s/exp_robust_ind_5seed_1200s__data6/baseline_sa/seed_1004/placements.csv|1,topology_no_beam,full_process_aware_beam,17,10075.644793,9495.048168,-580.596625,5.762377,9575.644793,9245.048168,3.452474,15766.000000,15766.000000,25841.644793,25261.048168,2.246748,0.000000,0.000000,0.000000,0.000000,0.000000,0.000000,0.000000,57.000000,50.000000,7.000000,114.862583,373.374667,3.250621,target
paper_extended_suite_20260321_continuous_run_only_20260324_0001.zip|paper_extended_suite_20260321/exp_robust_ind_5seed_1200s/exp_robust_ind_5seed_1200s__data6/baseline_sa/seed_1004/placements.csv|1,path_distance_baseline,full_process_aware_beam,17,4268.710143,9495.048168,5226.338024,-122.433659,4018.710143,9245.048168,-130.050136,15766.000000,15766.000000,20034.710143,25261.048168,-26.086417,0.000000,0.000000,0.000000,5.000000,0.000000,-5.000000,5.000000,42.000000,50.000000,-8.000000,164.715417,373.374667,2.266786,target
paper_extended_suite_20260321_continuous_run_only_20260324_0001.zip|paper_extended_suite_20260321/exp_robust_ind_5seed_1200s/exp_robust_ind_5seed_1200s__data6/baseline_sa/seed_1004/placements.csv|1,no_detour_operator,full_process_aware_beam,17,8756.188647,9495.048168,738.859520,-8.438141,8506.188647,9245.048168,-8.686141,15766.000000,15766.000000,24522.188647,25261.048168,-3.013024,0.000000,0.000000,0.000000,0.000000,0.000000,0.000000,0.000000,50.000000,50.000000,0.000000,120.664625,373.374667,3.094318,baseline
paper_extended_suite_20260321_continuous_run_only_20260324_0001.zip|paper_extended_suite_20260321/exp_robust_ind_5seed_1200s/exp_robust_ind_5seed_1200s__data6/baseline_sa/seed_1004/placements.csv|1,no_safe_travel_modes,full_process_aware_beam,17,8393.443437,9495.048168,1101.604730,-13.124586,8393.443437,9245.048168,-10.146071,15766.000000,15766.000000,24159.443437,25261.048168,-4.559727,0.000000,0.000000,0.000000,0.000000,0.000000,0.000000,0.000000,45.000000,50.000000,-5.000000,120.009042,373.374667,3.111221,baseline
paper_extended_suite_20260321_continuous_run_only_20260324_0001.zip|paper_extended_suite_20260321/exp_robust_ind_5seed_1200s/exp_robust_ind_5seed_1200s__data6/baseline_sa/seed_1004/placements.csv|150,single_edges_only,full_process_aware_beam,16,7636.822061,8414.267613,777.445552,-10.180223,7386.822061,7914.267613,-7.140358,26766.000000,16737.000000,34402.822061,25151.267613,26.891848,0.000000,0.000000,0.000000,0.000000,0.000000,0.000000,0.000000,35.000000,52.000000,-17.000000,810.182625,554.361667,0.684243,target
paper_extended_suite_20260321_continuous_run_only_20260324_0001.zip|paper_extended_suite_20260321/exp_robust_ind_5seed_1200s/exp_robust_ind_5seed_1200s__data6/baseline_sa/seed_1004/placements.csv|150,no_stability_guidance,full_process_aware_beam,16,5875.724611,8414.267613,2538.543002,-43.203914,5625.724611,7914.267613,-40.679969,16737.000000,16737.000000,22612.724611,25151.267613,-11.226170,0.000000,0.000000,0.000000,7.000000,0.000000,-7.000000,7.000000,37.000000,52.000000,-15.000000,529.824250,554.361667,1.046312,target
paper_extended_suite_20260321_continuous_run_only_20260324_0001.zip|paper_extended_suite_20260321/exp_robust_ind_5seed_1200s/exp_robust_ind_5seed_1200s__data6/baseline_sa/seed_1004/placements.csv|150,no_adjacency_support_guidance,full_process_aware_beam,16,11569.047784,8414.267613,-3154.780171,27.269143,11569.047784,7914.267613,31.591020,16737.000000,16737.000000,28306.047784,25151.267613,11.145251,0.000000,0.000000,0.000000,1.000000,0.000000,-1.000000,1.000000,52.000000,52.000000,0.000000,286.683625,554.361667,1.933705,target
paper_extended_suite_20260321_continuous_run_only_20260324_0001.zip|paper_extended_suite_20260321/exp_robust_ind_5seed_1200s/exp_robust_ind_5seed_1200s__data6/baseline_sa/seed_1004/placements.csv|150,topology_no_beam,full_process_aware_beam,16,6837.295104,8414.267613,1576.972509,-23.064274,6837.295104,7914.267613,-15.751441,16737.000000,16737.000000,23574.295104,25151.267613,-6.689373,0.000000,0.000000,0.000000,0.000000,0.000000,0.000000,0.000000,50.000000,52.000000,-2.000000,118.885208,554.361667,4.663000,baseline
paper_extended_suite_20260321_continuous_run_only_20260324_0001.zip|paper_extended_suite_20260321/exp_robust_ind_5seed_1200s/exp_robust_ind_5seed_1200s__data6/baseline_sa/seed_1004/placements.csv|150,path_distance_baseline,full_process_aware_beam,16,5336.441108,8414.267613,3077.826505,-57.675639,4836.441108,7914.267613,-63.638250,16737.000000,16737.000000,22073.441108,25151.267613,-13.943574,0.000000,0.000000,0.000000,5.000000,0.000000,-5.000000,5.000000,38.000000,52.000000,-14.000000,161.097875,554.361667,3.441148,target
paper_extended_suite_20260321_continuous_run_only_20260324_0001.zip|paper_extended_suite_20260321/exp_robust_ind_5seed_1200s/exp_robust_ind_5seed_1200s__data6/baseline_sa/seed_1004/placements.csv|150,no_detour_operator,full_process_aware_beam,16,10063.133370,8414.267613,-1648.865757,16.385212,9063.133370,7914.267613,12.676253,16737.000000,16737.000000,26800.133370,25151.267613,6.152454,0.000000,0.000000,0.000000,0.000000,0.000000,0.000000,0.000000,52.000000,52.000000,0.000000,111.712875,554.361667,4.962379,target
paper_extended_suite_20260321_continuous_run_only_20260324_0001.zip|paper_extended_suite_20260321/exp_robust_ind_5seed_1200s/exp_robust_ind_5seed_1200s__data6/baseline_sa/seed_1004/placements.csv|150,no_safe_travel_modes,full_process_aware_beam,16,6737.828219,8414.267613,1676.439394,-24.881005,6737.828219,7914.267613,-17.460216,16737.000000,16737.000000,23474.828219,25151.267613,-7.141434,1.000000,0.000000,-1.000000,0.000000,0.000000,0.000000,0.000000,48.000000,52.000000,-4.000000,108.145625,554.361667,5.126067,target
paper_extended_suite_20260321_continuous_run_only_20260324_0001.zip|paper_extended_suite_20260321/exp_robust_ind_5seed_1200s/exp_robust_ind_5seed_1200s__data6/baseline_sa/seed_1004/placements.csv|152,single_edges_only,full_process_aware_beam,16,7517.844397,6406.818910,-1111.025486,14.778511,7517.844397,6156.818910,18.103933,26898.000000,17466.500000,34415.844397,23873.318910,30.632767,0.000000,0.000000,0.000000,0.000000,0.000000,0.000000,0.000000,38.000000,48.000000,-10.000000,802.190875,386.430083,0.481718,target
paper_extended_suite_20260321_continuous_run_only_20260324_0001.zip|paper_extended_suite_20260321/exp_robust_ind_5seed_1200s/exp_robust_ind_5seed_1200s__data6/baseline_sa/seed_1004/placements.csv|152,no_stability_guidance,full_process_aware_beam,16,4988.662254,6406.818910,1418.156656,-28.427594,4988.662254,6156.818910,-23.416231,17466.500000,17466.500000,22455.162254,23873.318910,-6.315504,0.000000,0.000000,0.000000,1.000000,0.000000,-1.000000,1.000000,37.000000,48.000000,-11.000000,571.601708,386.430083,0.676048,target
paper_extended_suite_20260321_continuous_run_only_20260324_0001.zip|paper_extended_suite_20260321/exp_robust_ind_5seed_1200s/exp_robust_ind_5seed_1200s__data6/baseline_sa/seed_1004/placements.csv|152,no_adjacency_support_guidance,full_process_aware_beam,16,12204.679701,6406.818910,-5797.860791,47.505227,12204.679701,6156.818910,49.553622,17466.500000,17466.500000,29671.179701,23873.318910,19.540378,0.000000,0.000000,0.000000,1.000000,0.000000,-1.000000,1.000000,59.000000,48.000000,11.000000,226.632500,386.430083,1.705096,target
paper_extended_suite_20260321_continuous_run_only_20260324_0001.zip|paper_extended_suite_20260321/exp_robust_ind_5seed_1200s/exp_robust_ind_5seed_1200s__data6/baseline_sa/seed_1004/placements.csv|152,topology_no_beam,full_process_aware_beam,16,7478.351527,6406.818910,-1071.532617,14.328460,7478.351527,6156.818910,17.671443,17466.500000,17466.500000,24944.851527,23873.318910,4.295606,0.000000,0.000000,0.000000,0.000000,0.000000,0.000000,0.000000,43.000000,48.000000,-5.000000,129.746000,386.430083,2.978358,target
paper_extended_suite_20260321_continuous_run_only_20260324_0001.zip|paper_extended_suite_20260321/exp_robust_ind_5seed_1200s/exp_robust_ind_5seed_1200s__data6/baseline_sa/seed_1004/placements.csv|152,path_distance_baseline,full_process_aware_beam,16,4062.436108,6406.818910,2344.382802,-57.708792,3812.436108,6156.818910,-61.493038,17466.500000,17466.500000,21528.936108,23873.318910,-10.889450,0.000000,0.000000,0.000000,1.000000,0.000000,-1.000000,1.000000,43.000000,48.000000,-5.000000,171.862625,386.430083,2.248482,target
paper_extended_suite_20260321_continuous_run_only_20260324_0001.zip|paper_extended_suite_20260321/exp_robust_ind_5seed_1200s/exp_robust_ind_5seed_1200s__data6/baseline_sa/seed_1004/placements.csv|152,no_detour_operator,full_process_aware_beam,16,6565.524362,6406.818910,-158.705452,2.417255,6065.524362,6156.818910,-1.505139,17466.500000,17466.500000,24032.024362,23873.318910,0.660392,0.000000,0.000000,0.000000,0.000000,0.000000,0.000000,0.000000,49.000000,48.000000,1.000000,106.197167,386.430083,3.638798,target
paper_extended_suite_20260321_continuous_run_only_20260324_0001.zip|paper_extended_suite_20260321/exp_robust_ind_5seed_1200s/exp_robust_ind_5seed_1200s__data6/baseline_sa/seed_1004/placements.csv|152,no_safe_travel_modes,full_process_aware_beam,16,7401.520670,6406.818910,-994.701760,13.439154,7401.520670,6156.818910,16.816838,17466.500000,17466.500000,24868.020670,23873.318910,3.999923,0.000000,0.000000,0.000000,0.000000,0.000000,0.000000,0.000000,45.000000,48.000000,-3.000000,105.005416,386.430083,3.680097,target
review_overnight_20260422.zip|review_overnight_20260422\review_t1_ind_a_5seed_300s\review_t1_ind_a_5seed_300s__data1\baseline_full_beam\seed_1000\placements.csv|282,single_edges_only,full_process_aware_beam,18,6348.073714,7491.133729,1143.060015,-18.006407,6348.073714,7241.133729,-14.068205,28221.000000,17908.500000,34569.073714,25399.633729,26.524980,0.000000,0.000000,0.000000,0.000000,0.000000,0.000000,0.000000,38.000000,47.000000,-9.000000,1016.505584,580.134084,0.570714,target
review_overnight_20260422.zip|review_overnight_20260422\review_t1_ind_a_5seed_300s\review_t1_ind_a_5seed_300s__data1\baseline_full_beam\seed_1000\placements.csv|282,no_stability_guidance,full_process_aware_beam,18,7239.579709,7491.133729,251.554020,-3.474705,6989.579709,7241.133729,-3.598986,17908.500000,17908.500000,25148.079709,25399.633729,-1.000291,0.000000,0.000000,0.000000,7.000000,0.000000,-7.000000,7.000000,40.000000,47.000000,-7.000000,800.081584,580.134084,0.725094,target
review_overnight_20260422.zip|review_overnight_20260422\review_t1_ind_a_5seed_300s\review_t1_ind_a_5seed_300s__data1\baseline_full_beam\seed_1000\placements.csv|282,no_adjacency_support_guidance,full_process_aware_beam,18,11571.599269,7491.133729,-4080.465540,35.262762,11571.599269,7241.133729,37.423224,17908.500000,17908.500000,29480.099269,25399.633729,13.841424,0.000000,0.000000,0.000000,1.000000,0.000000,-1.000000,1.000000,70.000000,47.000000,23.000000,239.626583,580.134084,2.420992,target
review_overnight_20260422.zip|review_overnight_20260422\review_t1_ind_a_5seed_300s\review_t1_ind_a_5seed_300s__data1\baseline_full_beam\seed_1000\placements.csv|282,topology_no_beam,full_process_aware_beam,18,12208.332044,7491.133729,-4717.198315,38.639171,11958.332044,7241.133729,39.446959,17908.500000,17908.500000,30116.832044,25399.633729,15.662996,0.000000,0.000000,0.000000,0.000000,0.000000,0.000000,0.000000,65.000000,47.000000,18.000000,133.105917,580.134084,4.358439,target
review_overnight_20260422.zip|review_overnight_20260422\review_t1_ind_a_5seed_300s\review_t1_ind_a_5seed_300s__data1\baseline_full_beam\seed_1000\placements.csv|282,path_distance_baseline,full_process_aware_beam,18,5667.919450,7491.133729,1823.214279,-32.167258,5167.919450,7241.133729,-40.117001,17908.500000,17908.500000,23576.419450,25399.633729,-7.733211,0.000000,0.000000,0.000000,3.000000,0.000000,-3.000000,3.000000,42.000000,47.000000,-5.000000,216.705833,580.134084,2.677058,target
review_overnight_20260422.zip|review_overnight_20260422\review_t1_ind_a_5seed_300s\review_t1_ind_a_5seed_300s__data1\baseline_full_beam\seed_1000\placements.csv|282,no_detour_operator,full_process_aware_beam,18,7539.563296,7491.133729,-48.429567,0.642339,7039.563296,7241.133729,-2.863394,17908.500000,17908.500000,25448.063296,25399.633729,0.190307,0.000000,0.000000,0.000000,0.000000,0.000000,0.000000,0.000000,48.000000,47.000000,1.000000,130.622375,580.134084,4.441307,target
review_overnight_20260422.zip|review_overnight_20260422\review_t1_ind_a_5seed_300s\review_t1_ind_a_5seed_300s__data1\baseline_full_beam\seed_1000\placements.csv|282,no_safe_travel_modes,full_process_aware_beam,18,6876.819376,7491.133729,614.314353,-8.933117,6876.819376,7241.133729,-5.297716,17908.500000,17908.500000,24785.319376,25399.633729,-2.478541,1.000000,0.000000,-1.000000,0.000000,0.000000,0.000000,0.000000,48.000000,47.000000,1.000000,131.183250,580.134084,4.422318,target
review_overnight_20260422.zip|review_overnight_20260422\review_t1_ind_a_5seed_300s\review_t1_ind_a_5seed_300s__data1\baseline_full_beam\seed_1000\placements.csv|344,single_edges_only,full_process_aware_beam,22,6749.899293,7465.619928,715.720635,-10.603427,6499.899293,7465.619928,-14.857471,31268.000000,20146.000000,38017.899293,27611.619928,27.372053,0.000000,0.000000,0.000000,0.000000,0.000000,0.000000,0.000000,37.000000,37.000000,0.000000,658.341417,406.624625,0.617650,target
review_overnight_20260422.zip|review_overnight_20260422\review_t1_ind_a_5seed_300s\review_t1_ind_a_5seed_300s__data1\baseline_full_beam\seed_1000\placements.csv|344,no_stability_guidance,full_process_aware_beam,22,4906.461975,7465.619928,2559.157953,-52.158928,4906.461975,7465.619928,-52.158928,20146.000000,20146.000000,25052.461975,27611.619928,-10.215195,0.000000,0.000000,0.000000,7.000000,0.000000,-7.000000,7.000000,36.000000,37.000000,-1.000000,492.221042,406.624625,0.826102,target
review_overnight_20260422.zip|review_overnight_20260422\review_t1_ind_a_5seed_300s\review_t1_ind_a_5seed_300s__data1\baseline_full_beam\seed_1000\placements.csv|344,no_adjacency_support_guidance,full_process_aware_beam,22,12479.685071,7465.619928,-5014.065143,40.177818,12229.685071,7465.619928,38.954929,20146.000000,20146.000000,32625.685071,27611.619928,15.368459,0.000000,0.000000,0.000000,0.000000,0.000000,0.000000,0.000000,65.000000,37.000000,28.000000,282.266042,406.624625,1.440572,target
review_overnight_20260422.zip|review_overnight_20260422\review_t1_ind_a_5seed_300s\review_t1_ind_a_5seed_300s__data1\baseline_full_beam\seed_1000\placements.csv|344,topology_no_beam,full_process_aware_beam,22,13053.007600,7465.619928,-5587.387672,42.805366,12803.007600,7465.619928,41.688546,20146.000000,20146.000000,33199.007600,27611.619928,16.829984,0.000000,0.000000,0.000000,0.000000,0.000000,0.000000,0.000000,59.000000,37.000000,22.000000,189.456917,406.624625,2.146264,target
review_overnight_20260422.zip|review_overnight_20260422\review_t1_ind_a_5seed_300s\review_t1_ind_a_5seed_300s__data1\baseline_full_beam\seed_1000\placements.csv|344,path_distance_baseline,full_process_aware_beam,22,5082.431698,7465.619928,2383.188230,-46.890708,4832.431698,7465.619928,-54.489921,20146.000000,20146.000000,25228.431698,27611.619928,-9.446438,0.000000,0.000000,0.000000,5.000000,0.000000,-5.000000,5.000000,39.000000,37.000000,2.000000,199.431667,406.624625,2.038917,target
review_overnight_20260422.zip|review_overnight_20260422\review_t1_ind_a_5seed_300s\review_t1_ind_a_5seed_300s__data1\baseline_full_beam\seed_1000\placements.csv|344,no_detour_operator,full_process_aware_beam,22,8821.606097,7465.619928,-1355.986170,15.371194,8071.606097,7465.619928,7.507628,20146.000000,20146.000000,28967.606097,27611.619928,4.681043,0.000000,0.000000,0.000000,0.000000,0.000000,0.000000,0.000000,40.000000,37.000000,3.000000,108.490417,406.624625,3.748023,target
review_overnight_20260422.zip|review_overnight_20260422\review_t1_ind_a_5seed_300s\review_t1_ind_a_5seed_300s__data1\baseline_full_beam\seed_1000\placements.csv|344,no_safe_travel_modes,full_process_aware_beam,22,8146.720207,7465.619928,-681.100279,8.360423,8146.720207,7465.619928,8.360423,20146.000000,20146.000000,28292.720207,27611.619928,2.407334,0.000000,0.000000,0.000000,0.000000,0.000000,0.000000,0.000000,41.000000,37.000000,4.000000,110.154417,406.624625,3.691406,target
review_overnight_20260422.zip|review_overnight_20260422\review_t1_ind_a_5seed_300s\review_t1_ind_a_5seed_300s__data1\baseline_full_beam\seed_1000\placements.csv|346,single_edges_only,full_process_aware_beam,20,7711.502734,7144.060451,-567.442282,7.358388,7461.502734,7144.060451,4.254401,27382.600000,17883.000000,35094.102734,25027.060451,28.685852,0.000000,0.000000,0.000000,0.000000,0.000000,0.000000,0.000000,41.000000,48.000000,-7.000000,1134.988416,618.477042,0.544919,target
review_overnight_20260422.zip|review_overnight_20260422\review_t1_ind_a_5seed_300s\review_t1_ind_a_5seed_300s__data1\baseline_full_beam\seed_1000\placements.csv|346,no_stability_guidance,full_process_aware_beam,20,4439.030272,7144.060451,2705.030180,-60.937412,4439.030272,7144.060451,-60.937412,17883.000000,17883.000000,22322.030272,25027.060451,-12.118209,0.000000,0.000000,0.000000,7.000000,0.000000,-7.000000,7.000000,38.000000,48.000000,-10.000000,780.959042,618.477042,0.791946,target
review_overnight_20260422.zip|review_overnight_20260422\review_t1_ind_a_5seed_300s\review_t1_ind_a_5seed_300s__data1\baseline_full_beam\seed_1000\placements.csv|346,no_adjacency_support_guidance,full_process_aware_beam,20,12666.248909,7144.060451,-5522.188458,43.597663,12666.248909,7144.060451,43.597663,17883.000000,17883.000000,30549.248909,25027.060451,18.076348,0.000000,0.000000,0.000000,0.000000,0.000000,0.000000,0.000000,64.000000,48.000000,16.000000,352.135250,618.477042,1.756362,target
review_overnight_20260422.zip|review_overnight_20260422\review_t1_ind_a_5seed_300s\review_t1_ind_a_5seed_300s__data1\baseline_full_beam\seed_1000\placements.csv|346,topology_no_beam,full_process_aware_beam,20,12752.773364,7144.060451,-5608.712913,43.980339,12252.773364,7144.060451,41.694339,17883.000000,17883.000000,30635.773364,25027.060451,18.307724,0.000000,0.000000,0.000000,0.000000,0.000000,0.000000,0.000000,59.000000,48.000000,11.000000,235.643792,618.477042,2.624627,target
review_overnight_20260422.zip|review_overnight_20260422\review_t1_ind_a_5seed_300s\review_t1_ind_a_5seed_300s__data1\baseline_full_beam\seed_1000\placements.csv|346,path_distance_baseline,full_process_aware_beam,20,5026.741602,7144.060451,2117.318849,-42.121100,4776.741602,7144.060451,-49.559282,17883.000000,17883.000000,22909.741602,25027.060451,-9.242002,0.000000,0.000000,0.000000,4.000000,0.000000,-4.000000,4.000000,41.000000,48.000000,-7.000000,314.605959,618.477042,1.965878,target
review_overnight_20260422.zip|review_overnight_20260422\review_t1_ind_a_5seed_300s\review_t1_ind_a_5seed_300s__data1\baseline_full_beam\seed_1000\placements.csv|346,no_detour_operator,full_process_aware_beam,20,8761.592925,7144.060451,-1617.532473,18.461625,8011.592925,7144.060451,10.828464,17883.000000,17883.000000,26644.592925,25027.060451,6.070772,0.000000,0.000000,0.000000,0.000000,0.000000,0.000000,0.000000,49.000000,48.000000,1.000000,152.090083,618.477042,4.066518,target
review_overnight_20260422.zip|review_overnight_20260422\review_t1_ind_a_5seed_300s\review_t1_ind_a_5seed_300s__data1\baseline_full_beam\seed_1000\placements.csv|346,no_safe_travel_modes,full_process_aware_beam,20,6941.006827,7144.060451,203.053625,-2.925420,6941.006827,7144.060451,-2.925420,17883.000000,17883.000000,24824.006827,25027.060451,-0.817973,1.000000,0.000000,-1.000000,0.000000,0.000000,0.000000,0.000000,46.000000,48.000000,-2.000000,169.002417,618.477042,3.659575,target
review_overnight_20260422.zip|review_overnight_20260422\review_t1_ind_a_5seed_300s\review_t1_ind_a_5seed_300s__data1\baseline_greedy\seed_1000\placements.csv|333,single_edges_only,full_process_aware_beam,25,7303.499619,10195.141722,2891.642103,-39.592555,7053.499619,9945.141722,-40.995850,34793.000000,20748.800000,42096.499619,30943.941722,26.492839,0.000000,0.000000,0.000000,0.000000,0.000000,0.000000,0.000000,57.000000,64.000000,-7.000000,1213.112792,857.871542,0.707166,target
review_overnight_20260422.zip|review_overnight_20260422\review_t1_ind_a_5seed_300s\review_t1_ind_a_5seed_300s__data1\baseline_greedy\seed_1000\placements.csv|333,no_stability_guidance,full_process_aware_beam,25,5937.607167,10195.141722,4257.534554,-71.704551,5937.607167,9945.141722,-67.494101,20748.800000,20748.800000,26686.407167,30943.941722,-15.953944,0.000000,0.000000,0.000000,7.000000,0.000000,-7.000000,7.000000,55.000000,64.000000,-9.000000,551.103208,857.871542,1.556644,target
review_overnight_20260422.zip|review_overnight_20260422\review_t1_ind_a_5seed_300s\review_t1_ind_a_5seed_300s__data1\baseline_greedy\seed_1000\placements.csv|333,no_adjacency_support_guidance,full_process_aware_beam,25,13520.040065,10195.141722,-3324.898343,24.592370,13270.040065,9945.141722,25.055677,20748.800000,20748.800000,34268.840065,30943.941722,9.702395,0.000000,0.000000,0.000000,0.000000,0.000000,0.000000,0.000000,73.000000,64.000000,9.000000,365.435875,857.871542,2.347530,target
review_overnight_20260422.zip|review_overnight_20260422\review_t1_ind_a_5seed_300s\review_t1_ind_a_5seed_300s__data1\baseline_greedy\seed_1000\placements.csv|333,topology_no_beam,full_process_aware_beam,25,12233.445112,10195.141722,-2038.303390,16.661728,11733.445112,9945.141722,15.241077,20748.800000,20748.800000,32982.245112,30943.941722,6.180002,0.000000,0.000000,0.000000,0.000000,0.000000,0.000000,0.000000,73.000000,64.000000,9.000000,243.591167,857.871542,3.521768,target
review_overnight_20260422.zip|review_overnight_20260422\review_t1_ind_a_5seed_300s\review_t1_ind_a_5seed_300s__data1\baseline_greedy\seed_1000\placements.csv|333,path_distance_baseline,full_process_aware_beam,25,6213.883755,10195.141722,3981.257966,-64.070364,6213.883755,9945.141722,-60.047116,20748.800000,20748.800000,26962.683755,30943.941722,-14.765807,0.000000,0.000000,0.000000,3.000000,0.000000,-3.000000,3.000000,56.000000,64.000000,-8.000000,268.838208,857.871542,3.191033,target
review_overnight_20260422.zip|review_overnight_20260422\review_t1_ind_a_5seed_300s\review_t1_ind_a_5seed_300s__data1\baseline_greedy\seed_1000\placements.csv|333,no_detour_operator,full_process_aware_beam,25,11682.022870,10195.141722,-1486.881148,12.727942,10432.022870,9945.141722,4.667179,20748.800000,20748.800000,32430.822870,30943.941722,4.584778,0.000000,0.000000,0.000000,0.000000,0.000000,0.000000,0.000000,68.000000,64.000000,4.000000,126.292042,857.871542,6.792760,target
review_overnight_20260422.zip|review_overnight_20260422\review_t1_ind_a_5seed_300s\review_t1_ind_a_5seed_300s__data1\baseline_greedy\seed_1000\placements.csv|333,no_safe_travel_modes,full_process_aware_beam,25,9752.191506,10195.141722,442.950215,-4.542058,9752.191506,9945.141722,-1.978532,20748.800000,20748.800000,30500.991506,30943.941722,-1.452249,1.000000,0.000000,-1.000000,0.000000,0.000000,0.000000,0.000000,61.000000,64.000000,-3.000000,123.329875,857.871542,6.955910,target
review_overnight_20260422.zip|review_overnight_20260422\review_t1_ind_a_5seed_300s\review_t1_ind_a_5seed_300s__data1\baseline_greedy\seed_1000\placements.csv|340,single_edges_only,full_process_aware_beam,26,10874.444621,10405.340461,-469.104160,4.313822,10374.444621,10405.340461,-0.297807,32357.200000,18565.100000,43231.644621,28970.440461,32.987883,0.000000,0.000000,0.000000,0.000000,0.000000,0.000000,0.000000,68.000000,68.000000,0.000000,1916.063875,970.537584,0.506527,target
review_overnight_20260422.zip|review_overnight_20260422\review_t1_ind_a_5seed_300s\review_t1_ind_a_5seed_300s__data1\baseline_greedy\seed_1000\placements.csv|340,no_stability_guidance,full_process_aware_beam,26,5144.359835,10405.340461,5260.980626,-102.266964,5144.359835,10405.340461,-102.266964,18565.100000,18565.100000,23709.459835,28970.440461,-22.189374,0.000000,0.000000,0.000000,5.000000,0.000000,-5.000000,5.000000,58.000000,68.000000,-10.000000,1398.692417,970.537584,0.693889,target
review_overnight_20260422.zip|review_overnight_20260422\review_t1_ind_a_5seed_300s\review_t1_ind_a_5seed_300s__data1\baseline_greedy\seed_1000\placements.csv|340,no_adjacency_support_guidance,full_process_aware_beam,26,13078.807580,10405.340461,-2673.467119,20.441215,13078.807580,10405.340461,20.441215,18565.100000,18565.100000,31643.907580,28970.440461,8.448600,0.000000,0.000000,0.000000,0.000000,0.000000,0.000000,0.000000,91.000000,68.000000,23.000000,436.463042,970.537584,2.223642,target
review_overnight_20260422.zip|review_overnight_20260422\review_t1_ind_a_5seed_300s\review_t1_ind_a_5seed_300s__data1\baseline_greedy\seed_1000\placements.csv|340,topology_no_beam,full_process_aware_beam,26,10982.088377,10405.340461,-576.747916,5.251714,10732.088377,10405.340461,3.044588,18565.100000,18565.100000,29547.188377,28970.440461,1.951955,0.000000,0.000000,0.000000,0.000000,0.000000,0.000000,0.000000,81.000000,68.000000,13.000000,430.923375,970.537584,2.252228,target
review_overnight_20260422.zip|review_overnight_20260422\review_t1_ind_a_5seed_300s\review_t1_ind_a_5seed_300s__data1\baseline_greedy\seed_1000\placements.csv|340,path_distance_baseline,full_process_aware_beam,26,5604.991671,10405.340461,4800.348790,-85.644173,5354.991671,10405.340461,-94.311048,18565.100000,18565.100000,24170.091671,28970.440461,-19.860697,0.000000,0.000000,0.000000,3.000000,0.000000,-3.000000,3.000000,67.000000,68.000000,-1.000000,303.681125,970.537584,3.195910,target
review_overnight_20260422.zip|review_overnight_20260422\review_t1_ind_a_5seed_300s\review_t1_ind_a_5seed_300s__data1\baseline_greedy\seed_1000\placements.csv|340,no_detour_operator,full_process_aware_beam,26,10144.056531,10405.340461,261.283930,-2.575734,9644.056531,10405.340461,-7.893814,18565.100000,18565.100000,28709.156531,28970.440461,-0.910107,0.000000,0.000000,0.000000,0.000000,0.000000,0.000000,0.000000,70.000000,68.000000,2.000000,137.685041,970.537584,7.048969,baseline
review_overnight_20260422.zip|review_overnight_20260422\review_t1_ind_a_5seed_300s\review_t1_ind_a_5seed_300s__data1\baseline_greedy\seed_1000\placements.csv|340,no_safe_travel_modes,full_process_aware_beam,26,7969.073676,10405.340461,2436.266785,-30.571518,7969.073676,10405.340461,-30.571518,18565.100000,18565.100000,26534.173676,28970.440461,-9.181619,1.000000,0.000000,-1.000000,0.000000,0.000000,0.000000,0.000000,64.000000,68.000000,-4.000000,131.925541,970.537584,7.356707,target
review_overnight_20260422.zip|review_overnight_20260422\review_t1_ind_a_5seed_300s\review_t1_ind_a_5seed_300s__data1\baseline_greedy\seed_1000\placements.csv|342,single_edges_only,full_process_aware_beam,31,9194.893265,9692.418311,497.525046,-5.410884,8444.893265,9692.418311,-14.772538,36780.000000,22848.200000,45974.893265,32540.618311,29.220894,0.000000,0.000000,0.000000,0.000000,0.000000,0.000000,0.000000,51.000000,51.000000,0.000000,1669.820334,1108.306458,0.663728,target
review_overnight_20260422.zip|review_overnight_20260422\review_t1_ind_a_5seed_300s\review_t1_ind_a_5seed_300s__data1\baseline_greedy\seed_1000\placements.csv|342,no_stability_guidance,full_process_aware_beam,31,7035.262730,9692.418311,2657.155581,-37.769102,7035.262730,9692.418311,-37.769102,22848.200000,22848.200000,29883.462730,32540.618311,-8.891726,0.000000,0.000000,0.000000,9.000000,0.000000,-9.000000,9.000000,52.000000,51.000000,1.000000,1001.465917,1108.306458,1.106684,target
review_overnight_20260422.zip|review_overnight_20260422\review_t1_ind_a_5seed_300s\review_t1_ind_a_5seed_300s__data1\baseline_greedy\seed_1000\placements.csv|342,no_adjacency_support_guidance,full_process_aware_beam,31,14794.077462,9692.418311,-5101.659151,34.484470,14544.077462,9692.418311,33.358315,22848.200000,22848.200000,37642.277462,32540.618311,13.553003,0.000000,0.000000,0.000000,3.000000,0.000000,-3.000000,3.000000,85.000000,51.000000,34.000000,304.656500,1108.306458,3.637889,target
review_overnight_20260422.zip|review_overnight_20260422\review_t1_ind_a_5seed_300s\review_t1_ind_a_5seed_300s__data1\baseline_greedy\seed_1000\placements.csv|342,topology_no_beam,full_process_aware_beam,31,10448.117018,9692.418311,-755.698707,7.232870,10448.117018,9692.418311,7.232870,22848.200000,22848.200000,33296.317018,32540.618311,2.269617,0.000000,0.000000,0.000000,0.000000,0.000000,0.000000,0.000000,69.000000,51.000000,18.000000,514.861291,1108.306458,2.152631,target
review_overnight_20260422.zip|review_overnight_20260422\review_t1_ind_a_5seed_300s\review_t1_ind_a_5seed_300s__data1\baseline_greedy\seed_1000\placements.csv|342,path_distance_baseline,full_process_aware_beam,31,6415.828430,9692.418311,3276.589882,-51.070410,6165.828430,9692.418311,-57.195719,22848.200000,22848.200000,29264.028430,32540.618311,-11.196647,0.000000,0.000000,0.000000,5.000000,0.000000,-5.000000,5.000000,56.000000,51.000000,5.000000,366.793125,1108.306458,3.021612,target
review_overnight_20260422.zip|review_overnight_20260422\review_t1_ind_a_5seed_300s\review_t1_ind_a_5seed_300s__data1\baseline_greedy\seed_1000\placements.csv|342,no_detour_operator,full_process_aware_beam,31,9226.970007,9692.418311,465.448304,-5.044433,8226.970007,9692.418311,-17.812734,22848.200000,22848.200000,32075.170007,32540.618311,-1.451117,0.000000,0.000000,0.000000,0.000000,0.000000,0.000000,0.000000,55.000000,51.000000,4.000000,160.759250,1108.306458,6.894200,baseline
review_overnight_20260422.zip|review_overnight_20260422\review_t1_ind_a_5seed_300s\review_t1_ind_a_5seed_300s__data1\baseline_greedy\seed_1000\placements.csv|342,no_safe_travel_modes,full_process_aware_beam,31,10340.249674,9692.418311,-647.831362,6.265142,10340.249674,9692.418311,6.265142,22848.200000,22848.200000,33188.449674,32540.618311,1.951978,1.000000,0.000000,-1.000000,0.000000,0.000000,0.000000,0.000000,52.000000,51.000000,1.000000,156.749917,1108.306458,7.070539,target
review_overnight_20260422.zip|review_overnight_20260422\review_t1_ind_a_5seed_300s\review_t1_ind_a_5seed_300s__data1\baseline_pilot\seed_1000\placements.csv|341,single_edges_only,full_process_aware_beam,32,11724.000423,11509.494509,-214.505914,1.829631,11224.000423,11009.494509,1.911136,38254.000000,21845.100000,49978.000423,33354.594509,33.261447,0.000000,0.000000,0.000000,0.000000,0.000000,0.000000,0.000000,74.000000,84.000000,-10.000000,3676.058958,1803.038250,0.490481,target
review_overnight_20260422.zip|review_overnight_20260422\review_t1_ind_a_5seed_300s\review_t1_ind_a_5seed_300s__data1\baseline_pilot\seed_1000\placements.csv|341,no_stability_guidance,full_process_aware_beam,32,7262.411490,11509.494509,4247.083019,-58.480341,7012.411490,11009.494509,-57.000121,21845.100000,21845.100000,29107.511490,33354.594509,-14.591021,0.000000,0.000000,0.000000,6.000000,0.000000,-6.000000,6.000000,73.000000,84.000000,-11.000000,2214.177917,1803.038250,0.814315,target
review_overnight_20260422.zip|review_overnight_20260422\review_t1_ind_a_5seed_300s\review_t1_ind_a_5seed_300s__data1\baseline_pilot\seed_1000\placements.csv|341,no_adjacency_support_guidance,full_process_aware_beam,32,18147.299625,11509.494509,-6637.805117,36.577371,17647.299625,11009.494509,37.613716,21845.100000,21845.100000,39992.399625,33354.594509,16.597667,0.000000,0.000000,0.000000,3.000000,0.000000,-3.000000,3.000000,107.000000,84.000000,23.000000,1154.743750,1803.038250,1.561418,target
review_overnight_20260422.zip|review_overnight_20260422\review_t1_ind_a_5seed_300s\review_t1_ind_a_5seed_300s__data1\baseline_pilot\seed_1000\placements.csv|341,topology_no_beam,full_process_aware_beam,32,12957.797726,11509.494509,-1448.303217,11.177078,12707.797726,11009.494509,13.364261,21845.100000,21845.100000,34802.897726,33354.594509,4.161444,0.000000,0.000000,0.000000,0.000000,0.000000,0.000000,0.000000,101.000000,84.000000,17.000000,1191.393667,1803.038250,1.513386,target
review_overnight_20260422.zip|review_overnight_20260422\review_t1_ind_a_5seed_300s\review_t1_ind_a_5seed_300s__data1\baseline_pilot\seed_1000\placements.csv|341,path_distance_baseline,full_process_aware_beam,32,8634.058147,11509.494509,2875.436362,-33.303417,8634.058147,11009.494509,-27.512397,21845.100000,21845.100000,30479.158147,33354.594509,-9.434107,0.000000,0.000000,0.000000,8.000000,0.000000,-8.000000,8.000000,78.000000,84.000000,-6.000000,472.480209,1803.038250,3.816114,target
review_overnight_20260422.zip|review_overnight_20260422\review_t1_ind_a_5seed_300s\review_t1_ind_a_5seed_300s__data1\baseline_pilot\seed_1000\placements.csv|341,no_detour_operator,full_process_aware_beam,32,11976.852481,11509.494509,-467.357973,3.902177,10976.852481,11009.494509,-0.297371,21845.100000,21845.100000,33821.952481,33354.594509,1.381818,0.000000,0.000000,0.000000,0.000000,0.000000,0.000000,0.000000,90.000000,84.000000,6.000000,186.009875,1803.038250,9.693239,target
review_overnight_20260422.zip|review_overnight_20260422\review_t1_ind_a_5seed_300s\review_t1_ind_a_5seed_300s__data1\baseline_pilot\seed_1000\placements.csv|341,no_safe_travel_modes,full_process_aware_beam,32,10427.391523,11509.494509,1082.102985,-10.377504,10427.391523,11009.494509,-5.582441,21845.100000,21845.100000,32272.491523,33354.594509,-3.353020,3.000000,0.000000,-3.000000,0.000000,0.000000,0.000000,0.000000,80.000000,84.000000,-4.000000,178.915250,1803.038250,10.077611,target
review_overnight_20260422.zip|review_overnight_20260422\review_t1_ind_a_5seed_300s\review_t1_ind_a_5seed_300s__data1\baseline_pilot\seed_1000\placements.csv|342,single_edges_only,full_process_aware_beam,30,11634.677517,12145.428238,510.750721,-4.389900,10884.677517,11895.428238,-9.285996,35919.000000,21325.100000,47553.677517,33470.528238,29.615269,0.000000,0.000000,0.000000,0.000000,0.000000,0.000000,0.000000,59.000000,70.000000,-11.000000,1478.004750,982.626958,0.664833,target
review_overnight_20260422.zip|review_overnight_20260422\review_t1_ind_a_5seed_300s\review_t1_ind_a_5seed_300s__data1\baseline_pilot\seed_1000\placements.csv|342,no_stability_guidance,full_process_aware_beam,30,7806.413426,12145.428238,4339.014812,-55.582693,7556.413426,11895.428238,-57.421617,21325.100000,21325.100000,29131.513426,33470.528238,-14.894574,0.000000,0.000000,0.000000,12.000000,0.000000,-12.000000,12.000000,52.000000,70.000000,-18.000000,1836.207708,982.626958,0.535139,target
review_overnight_20260422.zip|review_overnight_20260422\review_t1_ind_a_5seed_300s\review_t1_ind_a_5seed_300s__data1\baseline_pilot\seed_1000\placements.csv|342,no_adjacency_support_guidance,full_process_aware_beam,30,16171.432959,12145.428238,-4026.004720,24.895782,15671.432959,11895.428238,24.094827,21325.100000,21325.100000,37496.532959,33470.528238,10.737005,0.000000,0.000000,0.000000,0.000000,0.000000,0.000000,0.000000,95.000000,70.000000,25.000000,668.019250,982.626958,1.470956,target
review_overnight_20260422.zip|review_overnight_20260422\review_t1_ind_a_5seed_300s\review_t1_ind_a_5seed_300s__data1\baseline_pilot\seed_1000\placements.csv|342,topology_no_beam,full_process_aware_beam,30,13724.124354,12145.428238,-1578.696116,11.503074,13474.124354,11895.428238,11.716502,21325.100000,21325.100000,35049.224354,33470.528238,4.504226,0.000000,0.000000,0.000000,0.000000,0.000000,0.000000,0.000000,74.000000,70.000000,4.000000,936.740458,982.626958,1.048985,target
review_overnight_20260422.zip|review_overnight_20260422\review_t1_ind_a_5seed_300s\review_t1_ind_a_5seed_300s__data1\baseline_pilot\seed_1000\placements.csv|342,path_distance_baseline,full_process_aware_beam,30,6814.637674,12145.428238,5330.790564,-78.225591,6314.637674,11895.428238,-88.378635,21325.100000,21325.100000,28139.737674,33470.528238,-18.943995,0.000000,0.000000,0.000000,3.000000,0.000000,-3.000000,3.000000,58.000000,70.000000,-12.000000,367.585250,982.626958,2.673195,target
review_overnight_20260422.zip|review_overnight_20260422\review_t1_ind_a_5seed_300s\review_t1_ind_a_5seed_300s__data1\baseline_pilot\seed_1000\placements.csv|342,no_detour_operator,full_process_aware_beam,30,11922.837017,12145.428238,222.591221,-1.866932,11172.837017,11895.428238,-6.467392,21325.100000,21325.100000,33247.937017,33470.528238,-0.669489,0.000000,0.000000,0.000000,0.000000,0.000000,0.000000,0.000000,72.000000,70.000000,2.000000,165.179125,982.626958,5.948857,baseline
review_overnight_20260422.zip|review_overnight_20260422\review_t1_ind_a_5seed_300s\review_t1_ind_a_5seed_300s__data1\baseline_pilot\seed_1000\placements.csv|342,no_safe_travel_modes,full_process_aware_beam,30,13104.766139,12145.428238,-959.337901,7.320527,13104.766139,11895.428238,9.228230,21325.100000,21325.100000,34429.866139,33470.528238,2.786354,3.000000,0.000000,-3.000000,0.000000,0.000000,0.000000,0.000000,67.000000,70.000000,-3.000000,164.205833,982.626958,5.984117,target
review_overnight_20260422.zip|review_overnight_20260422\review_t1_ind_a_5seed_300s\review_t1_ind_a_5seed_300s__data1\baseline_pilot\seed_1000\placements.csv|343,single_edges_only,full_process_aware_beam,27,9182.365519,10622.983538,1440.618018,-15.688964,8932.365519,10372.983538,-16.128068,31421.400000,18080.700000,40603.765519,28703.683538,29.307829,0.000000,0.000000,0.000000,0.000000,0.000000,0.000000,0.000000,51.000000,69.000000,-18.000000,1634.497958,1300.943958,0.795929,target
review_overnight_20260422.zip|review_overnight_20260422\review_t1_ind_a_5seed_300s\review_t1_ind_a_5seed_300s__data1\baseline_pilot\seed_1000\placements.csv|343,no_stability_guidance,full_process_aware_beam,27,7509.825443,10622.983538,3113.158094,-41.454467,7259.825443,10372.983538,-42.881997,18080.700000,18080.700000,25590.525443,28703.683538,-12.165276,0.000000,0.000000,0.000000,10.000000,0.000000,-10.000000,10.000000,51.000000,69.000000,-18.000000,1477.619042,1300.943958,0.880433,target
review_overnight_20260422.zip|review_overnight_20260422\review_t1_ind_a_5seed_300s\review_t1_ind_a_5seed_300s__data1\baseline_pilot\seed_1000\placements.csv|343,no_adjacency_support_guidance,full_process_aware_beam,27,12006.762728,10622.983538,-1383.779191,11.524998,12006.762728,10372.983538,13.607158,18080.700000,18080.700000,30087.462728,28703.683538,4.599189,0.000000,0.000000,0.000000,0.000000,0.000000,0.000000,0.000000,80.000000,69.000000,11.000000,402.014625,1300.943958,3.236061,target
review_overnight_20260422.zip|review_overnight_20260422\review_t1_ind_a_5seed_300s\review_t1_ind_a_5seed_300s__data1\baseline_pilot\seed_1000\placements.csv|343,topology_no_beam,full_process_aware_beam,27,12016.381929,10622.983538,-1393.398392,11.595823,11766.381929,10372.983538,11.842199,18080.700000,18080.700000,30097.081929,28703.683538,4.629679,0.000000,0.000000,0.000000,0.000000,0.000000,0.000000,0.000000,78.000000,69.000000,9.000000,733.090291,1300.943958,1.774603,target
review_overnight_20260422.zip|review_overnight_20260422\review_t1_ind_a_5seed_300s\review_t1_ind_a_5seed_300s__data1\baseline_pilot\seed_1000\placements.csv|343,path_distance_baseline,full_process_aware_beam,27,7040.626452,10622.983538,3582.357085,-50.881226,6540.626452,10372.983538,-58.593120,18080.700000,18080.700000,25121.326452,28703.683538,-14.260223,0.000000,0.000000,0.000000,6.000000,0.000000,-6.000000,6.000000,50.000000,69.000000,-19.000000,340.951209,1300.943958,3.815631,target
review_overnight_20260422.zip|review_overnight_20260422\review_t1_ind_a_5seed_300s\review_t1_ind_a_5seed_300s__data1\baseline_pilot\seed_1000\placements.csv|343,no_detour_operator,full_process_aware_beam,27,10503.659286,10622.983538,119.324252,-1.136026,9753.659286,10372.983538,-6.349661,18080.700000,18080.700000,28584.359286,28703.683538,-0.417446,0.000000,0.000000,0.000000,0.000000,0.000000,0.000000,0.000000,73.000000,69.000000,4.000000,156.641792,1300.943958,8.305216,baseline
review_overnight_20260422.zip|review_overnight_20260422\review_t1_ind_a_5seed_300s\review_t1_ind_a_5seed_300s__data1\baseline_pilot\seed_1000\placements.csv|343,no_safe_travel_modes,full_process_aware_beam,27,9091.727395,10622.983538,1531.256142,-16.842302,9091.727395,10372.983538,-14.092549,18080.700000,18080.700000,27172.427395,28703.683538,-5.635331,2.000000,0.000000,-2.000000,0.000000,0.000000,0.000000,0.000000,72.000000,69.000000,3.000000,151.929916,1300.943958,8.562790,target
strong_baseline_overnight_20260407_001243.zip|strong_baseline_overnight_20260407_001243/exp_strong_full_beam_pub_1seed_300s/exp_strong_full_beam_pub_1seed_300s__ngcut9/baseline_full_beam/seed_1000/placements.csv|1,single_edges_only,full_process_aware_beam,9,43.601471,59.003225,15.401754,-35.323933,43.601471,59.003225,-35.323933,258.000000,164.000000,301.601471,223.003225,26.060299,0.000000,0.000000,0.000000,0.000000,0.000000,0.000000,0.000000,16.000000,20.000000,-4.000000,164.722833,148.351375,0.900612,target
strong_baseline_overnight_20260407_001243.zip|strong_baseline_overnight_20260407_001243/exp_strong_full_beam_pub_1seed_300s/exp_strong_full_beam_pub_1seed_300s__ngcut9/baseline_full_beam/seed_1000/placements.csv|1,no_stability_guidance,full_process_aware_beam,9,43.015684,59.003225,15.987541,-37.166771,43.015684,59.003225,-37.166771,164.000000,164.000000,207.015684,223.003225,-7.722864,0.000000,0.000000,0.000000,3.000000,0.000000,-3.000000,3.000000,20.000000,20.000000,0.000000,153.320375,148.351375,0.967591,target
strong_baseline_overnight_20260407_001243.zip|strong_baseline_overnight_20260407_001243/exp_strong_full_beam_pub_1seed_300s/exp_strong_full_beam_pub_1seed_300s__ngcut9/baseline_full_beam/seed_1000/placements.csv|1,no_adjacency_support_guidance,full_process_aware_beam,9,94.306076,59.003225,-35.302851,37.434334,94.306076,59.003225,37.434334,164.000000,164.000000,258.306076,223.003225,13.667062,0.000000,0.000000,0.000000,0.000000,0.000000,0.000000,0.000000,31.000000,20.000000,11.000000,82.454834,148.351375,1.799183,target
strong_baseline_overnight_20260407_001243.zip|strong_baseline_overnight_20260407_001243/exp_strong_full_beam_pub_1seed_300s/exp_strong_full_beam_pub_1seed_300s__ngcut9/baseline_full_beam/seed_1000/placements.csv|1,topology_no_beam,full_process_aware_beam,9,54.560625,59.003225,4.442599,-8.142501,54.560625,59.003225,-8.142501,164.000000,164.000000,218.560625,223.003225,-2.032662,0.000000,0.000000,0.000000,0.000000,0.000000,0.000000,0.000000,20.000000,20.000000,0.000000,24.782167,148.351375,5.986215,baseline
strong_baseline_overnight_20260407_001243.zip|strong_baseline_overnight_20260407_001243/exp_strong_full_beam_pub_1seed_300s/exp_strong_full_beam_pub_1seed_300s__ngcut9/baseline_full_beam/seed_1000/placements.csv|1,path_distance_baseline,full_process_aware_beam,9,22.236068,59.003225,36.767157,-165.349183,22.236068,59.003225,-165.349183,164.000000,164.000000,186.236068,223.003225,-19.742232,0.000000,0.000000,0.000000,2.000000,0.000000,-2.000000,2.000000,18.000000,20.000000,-2.000000,96.812583,148.351375,1.532356,target
strong_baseline_overnight_20260407_001243.zip|strong_baseline_overnight_20260407_001243/exp_strong_full_beam_pub_1seed_300s/exp_strong_full_beam_pub_1seed_300s__ngcut9/baseline_full_beam/seed_1000/placements.csv|1,no_detour_operator,full_process_aware_beam,9,62.340704,59.003225,-3.337479,5.353611,62.340704,59.003225,5.353611,164.000000,164.000000,226.340704,223.003225,1.474538,0.000000,0.000000,0.000000,0.000000,0.000000,0.000000,0.000000,20.000000,20.000000,0.000000,63.304125,148.351375,2.343471,target
strong_baseline_overnight_20260407_001243.zip|strong_baseline_overnight_20260407_001243/exp_strong_full_beam_pub_1seed_300s/exp_strong_full_beam_pub_1seed_300s__ngcut9/baseline_full_beam/seed_1000/placements.csv|1,no_safe_travel_modes,full_process_aware_beam,9,62.340704,59.003225,-3.337479,5.353611,62.340704,59.003225,5.353611,164.000000,164.000000,226.340704,223.003225,1.474538,0.000000,0.000000,0.000000,0.000000,0.000000,0.000000,0.000000,20.000000,20.000000,0.000000,62.818958,148.351375,2.361570,target
strong_baseline_overnight_20260407_001243.zip|strong_baseline_overnight_20260407_001243/exp_strong_full_beam_pub_1seed_300s/exp_strong_full_beam_pub_1seed_300s__ngcut9/baseline_full_beam/seed_1000/placements.csv|2,single_edges_only,full_process_aware_beam,7,35.000000,32.071068,-2.928932,8.368378,35.000000,32.071068,8.368378,244.000000,161.000000,279.000000,193.071068,30.798900,0.000000,0.000000,0.000000,0.000000,0.000000,0.000000,0.000000,8.000000,14.000000,-6.000000,83.019959,54.464416,0.656040,target
strong_baseline_overnight_20260407_001243.zip|strong_baseline_overnight_20260407_001243/exp_strong_full_beam_pub_1seed_300s/exp_strong_full_beam_pub_1seed_300s__ngcut9/baseline_full_beam/seed_1000/placements.csv|2,no_stability_guidance,full_process_aware_beam,7,26.000000,32.071068,6.071068,-23.350261,26.000000,32.071068,-23.350261,161.000000,161.000000,187.000000,193.071068,-3.246560,0.000000,0.000000,0.000000,0.000000,0.000000,0.000000,0.000000,14.000000,14.000000,0.000000,77.252542,54.464416,0.705018,baseline
strong_baseline_overnight_20260407_001243.zip|strong_baseline_overnight_20260407_001243/exp_strong_full_beam_pub_1seed_300s/exp_strong_full_beam_pub_1seed_300s__ngcut9/baseline_full_beam/seed_1000/placements.csv|2,no_adjacency_support_guidance,full_process_aware_beam,7,62.216117,32.071068,-30.145049,48.452154,62.216117,32.071068,48.452154,161.000000,161.000000,223.216117,193.071068,13.504871,0.000000,0.000000,0.000000,0.000000,0.000000,0.000000,0.000000,18.000000,14.000000,4.000000,48.219791,54.464416,1.129503,target
strong_baseline_overnight_20260407_001243.zip|strong_baseline_overnight_20260407_001243/exp_strong_full_beam_pub_1seed_300s/exp_strong_full_beam_pub_1seed_300s__ngcut9/baseline_full_beam/seed_1000/placements.csv|2,topology_no_beam,full_process_aware_beam,7,43.866069,32.071068,-11.795001,26.888667,43.866069,32.071068,26.888667,161.000000,161.000000,204.866069,193.071068,5.757420,0.000000,0.000000,0.000000,0.000000,0.000000,0.000000,0.000000,18.000000,14.000000,4.000000,14.339500,54.464416,3.798209,target
strong_baseline_overnight_20260407_001243.zip|strong_baseline_overnight_20260407_001243/exp_strong_full_beam_pub_1seed_300s/exp_strong_full_beam_pub_1seed_300s__ngcut9/baseline_full_beam/seed_1000/placements.csv|2,path_distance_baseline,full_process_aware_beam,7,26.000000,32.071068,6.071068,-23.350261,26.000000,32.071068,-23.350261,161.000000,161.000000,187.000000,193.071068,-3.246560,0.000000,0.000000,0.000000,3.000000,0.000000,-3.000000,3.000000,14.000000,14.000000,0.000000,108.612041,54.464416,0.501458,target
strong_baseline_overnight_20260407_001243.zip|strong_baseline_overnight_20260407_001243/exp_strong_full_beam_pub_1seed_300s/exp_strong_full_beam_pub_1seed_300s__ngcut9/baseline_full_beam/seed_1000/placements.csv|2,no_detour_operator,full_process_aware_beam,7,32.071068,32.071068,0.000000,0.000000,32.071068,32.071068,0.000000,161.000000,161.000000,193.071068,193.071068,0.000000,0.000000,0.000000,0.000000,0.000000,0.000000,0.000000,0.000000,14.000000,14.000000,0.000000,44.085334,54.464416,1.235432,baseline
strong_baseline_overnight_20260407_001243.zip|strong_baseline_overnight_20260407_001243/exp_strong_full_beam_pub_1seed_300s/exp_strong_full_beam_pub_1seed_300s__ngcut9/baseline_full_beam/seed_1000/placements.csv|2,no_safe_travel_modes,full_process_aware_beam,7,32.071068,32.071068,0.000000,0.000000,32.071068,32.071068,0.000000,161.000000,161.000000,193.071068,193.071068,0.000000,0.000000,0.000000,0.000000,0.000000,0.000000,0.000000,0.000000,14.000000,14.000000,0.000000,42.976917,54.464416,1.267295,baseline
strong_baseline_overnight_20260407_001243.zip|strong_baseline_overnight_20260407_001243/exp_strong_full_beam_pub_1seed_300s/exp_strong_full_beam_pub_1seed_300s__ngcut9/baseline_full_beam/seed_1000/placements.csv|3,single_edges_only,full_process_aware_beam,2,6.000000,25.615773,19.615773,-326.929552,6.000000,25.615773,-326.929552,80.000000,66.000000,86.000000,91.615773,-6.529969,0.000000,0.000000,0.000000,0.000000,0.000000,0.000000,0.000000,6.000000,8.000000,-2.000000,9.791791,8.682917,0.886755,baseline
strong_baseline_overnight_20260407_001243.zip|strong_baseline_overnight_20260407_001243/exp_strong_full_beam_pub_1seed_300s/exp_strong_full_beam_pub_1seed_300s__ngcut9/baseline_full_beam/seed_1000/placements.csv|3,no_stability_guidance,full_process_aware_beam,2,8.000000,25.615773,17.615773,-220.197164,8.000000,25.615773,-220.197164,66.000000,66.000000,74.000000,91.615773,-23.805099,0.000000,0.000000,0.000000,0.000000,0.000000,0.000000,0.000000,2.000000,8.000000,-6.000000,8.360792,8.682917,1.038528,baseline
strong_baseline_overnight_20260407_001243.zip|strong_baseline_overnight_20260407_001243/exp_strong_full_beam_pub_1seed_300s/exp_strong_full_beam_pub_1seed_300s__ngcut9/baseline_full_beam/seed_1000/placements.csv|3,no_adjacency_support_guidance,full_process_aware_beam,2,8.000000,25.615773,17.615773,-220.197164,8.000000,25.615773,-220.197164,66.000000,66.000000,74.000000,91.615773,-23.805099,0.000000,0.000000,0.000000,0.000000,0.000000,0.000000,0.000000,2.000000,8.000000,-6.000000,7.074958,8.682917,1.227275,baseline
strong_baseline_overnight_20260407_001243.zip|strong_baseline_overnight_20260407_001243/exp_strong_full_beam_pub_1seed_300s/exp_strong_full_beam_pub_1seed_300s__ngcut9/baseline_full_beam/seed_1000/placements.csv|3,topology_no_beam,full_process_aware_beam,2,14.000000,25.615773,11.615773,-82.969808,14.000000,25.615773,-82.969808,66.000000,66.000000,80.000000,91.615773,-14.519716,0.000000,0.000000,0.000000,0.000000,0.000000,0.000000,0.000000,6.000000,8.000000,-2.000000,1.451209,8.682917,5.983230,baseline
strong_baseline_overnight_20260407_001243.zip|strong_baseline_overnight_20260407_001243/exp_strong_full_beam_pub_1seed_300s/exp_strong_full_beam_pub_1seed_300s__ngcut9/baseline_full_beam/seed_1000/placements.csv|3,path_distance_baseline,full_process_aware_beam,2,8.000000,25.615773,17.615773,-220.197164,8.000000,25.615773,-220.197164,66.000000,66.000000,74.000000,91.615773,-23.805099,0.000000,0.000000,0.000000,0.000000,0.000000,0.000000,0.000000,2.000000,8.000000,-6.000000,11.508833,8.682917,0.754457,baseline
strong_baseline_overnight_20260407_001243.zip|strong_baseline_overnight_20260407_001243/exp_strong_full_beam_pub_1seed_300s/exp_strong_full_beam_pub_1seed_300s__ngcut9/baseline_full_beam/seed_1000/placements.csv|3,no_detour_operator,full_process_aware_beam,2,25.615773,25.615773,0.000000,0.000000,25.615773,25.615773,0.000000,66.000000,66.000000,91.615773,91.615773,0.000000,0.000000,0.000000,0.000000,0.000000,0.000000,0.000000,0.000000,8.000000,8.000000,0.000000,8.155833,8.682917,1.064627,baseline
strong_baseline_overnight_20260407_001243.zip|strong_baseline_overnight_20260407_001243/exp_strong_full_beam_pub_1seed_300s/exp_strong_full_beam_pub_1seed_300s__ngcut9/baseline_full_beam/seed_1000/placements.csv|3,no_safe_travel_modes,full_process_aware_beam,2,25.615773,25.615773,0.000000,0.000000,25.615773,25.615773,0.000000,66.000000,66.000000,91.615773,91.615773,0.000000,0.000000,0.000000,0.000000,0.000000,0.000000,0.000000,0.000000,8.000000,8.000000,0.000000,7.695250,8.682917,1.128348,baseline
strong_baseline_overnight_20260407_001243.zip|strong_baseline_overnight_20260407_001243/exp_strong_pilot_pub_1seed_300s/exp_strong_pilot_pub_1seed_300s__ngcut9/baseline_greedy/seed_1000/placements.csv|1,single_edges_only,full_process_aware_beam,4,21.485281,24.950845,3.465563,-16.129941,21.485281,24.950845,-16.129941,162.000000,117.000000,183.485281,141.950845,22.636386,0.000000,0.000000,0.000000,0.000000,0.000000,0.000000,0.000000,10.000000,10.000000,0.000000,33.070042,27.499083,0.831541,target
strong_baseline_overnight_20260407_001243.zip|strong_baseline_overnight_20260407_001243/exp_strong_pilot_pub_1seed_300s/exp_strong_pilot_pub_1seed_300s__ngcut9/baseline_greedy/seed_1000/placements.csv|1,no_stability_guidance,full_process_aware_beam,4,24.000000,24.950845,0.950845,-3.961853,24.000000,24.950845,-3.961853,117.000000,117.000000,141.000000,141.950845,-0.674358,0.000000,0.000000,0.000000,1.000000,0.000000,-1.000000,1.000000,8.000000,10.000000,-2.000000,27.324958,27.499083,1.006372,target
strong_baseline_overnight_20260407_001243.zip|strong_baseline_overnight_20260407_001243/exp_strong_pilot_pub_1seed_300s/exp_strong_pilot_pub_1seed_300s__ngcut9/baseline_greedy/seed_1000/placements.csv|1,no_adjacency_support_guidance,full_process_aware_beam,4,36.720045,24.950845,-11.769201,32.051160,36.720045,24.950845,32.051160,117.000000,117.000000,153.720045,141.950845,7.656256,0.000000,0.000000,0.000000,0.000000,0.000000,0.000000,0.000000,12.000000,10.000000,2.000000,20.595333,27.499083,1.335209,target
strong_baseline_overnight_20260407_001243.zip|strong_baseline_overnight_20260407_001243/exp_strong_pilot_pub_1seed_300s/exp_strong_pilot_pub_1seed_300s__ngcut9/baseline_greedy/seed_1000/placements.csv|1,topology_no_beam,full_process_aware_beam,4,50.935417,24.950845,-25.984573,51.014744,50.935417,24.950845,51.014744,117.000000,117.000000,167.935417,141.950845,15.472956,0.000000,0.000000,0.000000,0.000000,0.000000,0.000000,0.000000,14.000000,10.000000,4.000000,4.664583,27.499083,5.895293,target
strong_baseline_overnight_20260407_001243.zip|strong_baseline_overnight_20260407_001243/exp_strong_pilot_pub_1seed_300s/exp_strong_pilot_pub_1seed_300s__ngcut9/baseline_greedy/seed_1000/placements.csv|1,path_distance_baseline,full_process_aware_beam,4,31.000000,24.950845,-6.049155,19.513404,31.000000,24.950845,19.513404,117.000000,117.000000,148.000000,141.950845,4.087267,0.000000,0.000000,0.000000,1.000000,0.000000,-1.000000,1.000000,8.000000,10.000000,-2.000000,37.238708,27.499083,0.738454,target
strong_baseline_overnight_20260407_001243.zip|strong_baseline_overnight_20260407_001243/exp_strong_pilot_pub_1seed_300s/exp_strong_pilot_pub_1seed_300s__ngcut9/baseline_greedy/seed_1000/placements.csv|1,no_detour_operator,full_process_aware_beam,4,24.950845,24.950845,0.000000,0.000000,24.950845,24.950845,0.000000,117.000000,117.000000,141.950845,141.950845,0.000000,0.000000,0.000000,0.000000,0.000000,0.000000,0.000000,0.000000,10.000000,10.000000,0.000000,20.847209,27.499083,1.319077,baseline
strong_baseline_overnight_20260407_001243.zip|strong_baseline_overnight_20260407_001243/exp_strong_pilot_pub_1seed_300s/exp_strong_pilot_pub_1seed_300s__ngcut9/baseline_greedy/seed_1000/placements.csv|1,no_safe_travel_modes,full_process_aware_beam,4,24.950845,24.950845,0.000000,0.000000,24.950845,24.950845,0.000000,117.000000,117.000000,141.950845,141.950845,0.000000,0.000000,0.000000,0.000000,0.000000,0.000000,0.000000,0.000000,10.000000,10.000000,0.000000,20.402458,27.499083,1.347832,baseline
strong_baseline_overnight_20260407_001243.zip|strong_baseline_overnight_20260407_001243/exp_strong_pilot_pub_1seed_300s/exp_strong_pilot_pub_1seed_300s__ngcut9/baseline_greedy/seed_1000/placements.csv|2,single_edges_only,full_process_aware_beam,9,48.000000,52.556349,4.556349,-9.492394,48.000000,52.556349,-9.492394,248.000000,159.000000,296.000000,211.556349,28.528260,0.000000,0.000000,0.000000,0.000000,0.000000,0.000000,0.000000,14.000000,22.000000,-8.000000,182.038375,131.518042,0.722474,target
strong_baseline_overnight_20260407_001243.zip|strong_baseline_overnight_20260407_001243/exp_strong_pilot_pub_1seed_300s/exp_strong_pilot_pub_1seed_300s__ngcut9/baseline_greedy/seed_1000/placements.csv|2,no_stability_guidance,full_process_aware_beam,9,54.721349,52.556349,-2.165000,3.956409,54.721349,52.556349,3.956409,159.000000,159.000000,213.721349,211.556349,1.013001,0.000000,0.000000,0.000000,5.000000,0.000000,-5.000000,5.000000,20.000000,22.000000,-2.000000,174.904583,131.518042,0.751942,target
strong_baseline_overnight_20260407_001243.zip|strong_baseline_overnight_20260407_001243/exp_strong_pilot_pub_1seed_300s/exp_strong_pilot_pub_1seed_300s__ngcut9/baseline_greedy/seed_1000/placements.csv|2,no_adjacency_support_guidance,full_process_aware_beam,9,90.686565,52.556349,-38.130216,42.046158,90.686565,52.556349,42.046158,159.000000,159.000000,249.686565,211.556349,15.271233,0.000000,0.000000,0.000000,0.000000,0.000000,0.000000,0.000000,31.000000,22.000000,9.000000,53.697958,131.518042,2.449219,target
strong_baseline_overnight_20260407_001243.zip|strong_baseline_overnight_20260407_001243/exp_strong_pilot_pub_1seed_300s/exp_strong_pilot_pub_1seed_300s__ngcut9/baseline_greedy/seed_1000/placements.csv|2,topology_no_beam,full_process_aware_beam,9,66.236068,52.556349,-13.679719,20.652975,66.236068,52.556349,20.652975,159.000000,159.000000,225.236068,211.556349,6.073503,0.000000,0.000000,0.000000,0.000000,0.000000,0.000000,0.000000,28.000000,22.000000,6.000000,39.511792,131.518042,3.328577,target
strong_baseline_overnight_20260407_001243.zip|strong_baseline_overnight_20260407_001243/exp_strong_pilot_pub_1seed_300s/exp_strong_pilot_pub_1seed_300s__ngcut9/baseline_greedy/seed_1000/placements.csv|2,path_distance_baseline,full_process_aware_beam,9,30.236068,52.556349,22.320281,-73.820052,30.236068,52.556349,-73.820052,159.000000,159.000000,189.236068,211.556349,-11.794940,0.000000,0.000000,0.000000,1.000000,0.000000,-1.000000,1.000000,20.000000,22.000000,-2.000000,95.077875,131.518042,1.383267,target
strong_baseline_overnight_20260407_001243.zip|strong_baseline_overnight_20260407_001243/exp_strong_pilot_pub_1seed_300s/exp_strong_pilot_pub_1seed_300s__ngcut9/baseline_greedy/seed_1000/placements.csv|2,no_detour_operator,full_process_aware_beam,9,41.828427,52.556349,10.727922,-25.647443,41.828427,52.556349,-25.647443,159.000000,159.000000,200.828427,211.556349,-5.341834,0.000000,0.000000,0.000000,0.000000,0.000000,0.000000,0.000000,22.000000,22.000000,0.000000,64.325417,131.518042,2.044573,baseline
strong_baseline_overnight_20260407_001243.zip|strong_baseline_overnight_20260407_001243/exp_strong_pilot_pub_1seed_300s/exp_strong_pilot_pub_1seed_300s__ngcut9/baseline_greedy/seed_1000/placements.csv|2,no_safe_travel_modes,full_process_aware_beam,9,41.828427,52.556349,10.727922,-25.647443,41.828427,52.556349,-25.647443,159.000000,159.000000,200.828427,211.556349,-5.341834,0.000000,0.000000,0.000000,0.000000,0.000000,0.000000,0.000000,22.000000,22.000000,0.000000,63.031459,131.518042,2.086546,baseline
strong_baseline_overnight_20260407_001243.zip|strong_baseline_overnight_20260407_001243/exp_strong_pilot_pub_1seed_300s/exp_strong_pilot_pub_1seed_300s__ngcut9/baseline_greedy/seed_1000/placements.csv|3,single_edges_only,full_process_aware_beam,5,17.830952,24.000000,6.169048,-34.597413,17.830952,24.000000,-34.597413,172.000000,113.000000,189.830952,137.000000,27.830526,0.000000,0.000000,0.000000,0.000000,0.000000,0.000000,0.000000,8.000000,12.000000,-4.000000,68.061042,34.936500,0.513311,target
strong_baseline_overnight_20260407_001243.zip|strong_baseline_overnight_20260407_001243/exp_strong_pilot_pub_1seed_300s/exp_strong_pilot_pub_1seed_300s__ngcut9/baseline_greedy/seed_1000/placements.csv|3,no_stability_guidance,full_process_aware_beam,5,19.000000,24.000000,5.000000,-26.315789,19.000000,24.000000,-26.315789,113.000000,113.000000,132.000000,137.000000,-3.787879,0.000000,0.000000,0.000000,0.000000,0.000000,0.000000,0.000000,10.000000,12.000000,-2.000000,41.388666,34.936500,0.844108,baseline
strong_baseline_overnight_20260407_001243.zip|strong_baseline_overnight_20260407_001243/exp_strong_pilot_pub_1seed_300s/exp_strong_pilot_pub_1seed_300s__ngcut9/baseline_greedy/seed_1000/placements.csv|3,no_adjacency_support_guidance,full_process_aware_beam,5,56.268548,24.000000,-32.268548,57.347398,56.268548,24.000000,57.347398,113.000000,113.000000,169.268548,137.000000,19.063523,0.000000,0.000000,0.000000,0.000000,0.000000,0.000000,0.000000,12.000000,12.000000,0.000000,26.947375,34.936500,1.296471,target
strong_baseline_overnight_20260407_001243.zip|strong_baseline_overnight_20260407_001243/exp_strong_pilot_pub_1seed_300s/exp_strong_pilot_pub_1seed_300s__ngcut9/baseline_greedy/seed_1000/placements.csv|3,topology_no_beam,full_process_aware_beam,5,57.698449,24.000000,-33.698449,58.404428,57.698449,24.000000,58.404428,113.000000,113.000000,170.698449,137.000000,19.741509,0.000000,0.000000,0.000000,0.000000,0.000000,0.000000,0.000000,22.000000,12.000000,10.000000,7.067500,34.936500,4.943261,target
strong_baseline_overnight_20260407_001243.zip|strong_baseline_overnight_20260407_001243/exp_strong_pilot_pub_1seed_300s/exp_strong_pilot_pub_1seed_300s__ngcut9/baseline_greedy/seed_1000/placements.csv|3,path_distance_baseline,full_process_aware_beam,5,29.000000,24.000000,-5.000000,17.241379,29.000000,24.000000,17.241379,113.000000,113.000000,142.000000,137.000000,3.521127,0.000000,0.000000,0.000000,1.000000,0.000000,-1.000000,1.000000,12.000000,12.000000,0.000000,58.198166,34.936500,0.600302,target
strong_baseline_overnight_20260407_001243.zip|strong_baseline_overnight_20260407_001243/exp_strong_pilot_pub_1seed_300s/exp_strong_pilot_pub_1seed_300s__ngcut9/baseline_greedy/seed_1000/placements.csv|3,no_detour_operator,full_process_aware_beam,5,24.000000,24.000000,0.000000,0.000000,24.000000,24.000000,0.000000,113.000000,113.000000,137.000000,137.000000,0.000000,0.000000,0.000000,0.000000,0.000000,0.000000,0.000000,0.000000,12.000000,12.000000,0.000000,27.348916,34.936500,1.277436,baseline
strong_baseline_overnight_20260407_001243.zip|strong_baseline_overnight_20260407_001243/exp_strong_pilot_pub_1seed_300s/exp_strong_pilot_pub_1seed_300s__ngcut9/baseline_greedy/seed_1000/placements.csv|3,no_safe_travel_modes,full_process_aware_beam,5,24.000000,24.000000,0.000000,0.000000,24.000000,24.000000,0.000000,113.000000,113.000000,137.000000,137.000000,0.000000,0.000000,0.000000,0.000000,0.000000,0.000000,0.000000,0.000000,12.000000,12.000000,0.000000,26.476375,34.936500,1.319535,baseline
strong_baseline_overnight_20260407_001243.zip|strong_baseline_overnight_20260407_001243/exp_strong_repeat_ind_5seed_300s/exp_strong_repeat_ind_5seed_300s__data6/baseline_pilot/seed_1004/placements.csv|148,single_edges_only,full_process_aware_beam,18,5264.522623,4486.156882,-778.365741,14.785115,4764.522623,4486.156882,5.842469,28146.000000,17676.500000,33410.522623,22162.656882,33.665638,0.000000,0.000000,0.000000,0.000000,0.000000,0.000000,0.000000,16.000000,26.000000,-10.000000,501.873625,357.640708,0.712611,target
strong_baseline_overnight_20260407_001243.zip|strong_baseline_overnight_20260407_001243/exp_strong_repeat_ind_5seed_300s/exp_strong_repeat_ind_5seed_300s__data6/baseline_pilot/seed_1004/placements.csv|148,no_stability_guidance,full_process_aware_beam,18,5291.960801,4486.156882,-805.803919,15.226944,5291.960801,4486.156882,15.226944,17676.500000,17676.500000,22968.460801,22162.656882,3.508306,0.000000,0.000000,0.000000,4.000000,0.000000,-4.000000,4.000000,28.000000,26.000000,2.000000,340.455958,357.640708,1.050476,target
strong_baseline_overnight_20260407_001243.zip|strong_baseline_overnight_20260407_001243/exp_strong_repeat_ind_5seed_300s/exp_strong_repeat_ind_5seed_300s__data6/baseline_pilot/seed_1004/placements.csv|148,no_adjacency_support_guidance,full_process_aware_beam,18,9582.609493,4486.156882,-5096.452611,53.184392,9582.609493,4486.156882,53.184392,17676.500000,17676.500000,27259.109493,22162.656882,18.696328,0.000000,0.000000,0.000000,1.000000,0.000000,-1.000000,1.000000,48.000000,26.000000,22.000000,205.674542,357.640708,1.738867,target
strong_baseline_overnight_20260407_001243.zip|strong_baseline_overnight_20260407_001243/exp_strong_repeat_ind_5seed_300s/exp_strong_repeat_ind_5seed_300s__data6/baseline_pilot/seed_1004/placements.csv|148,topology_no_beam,full_process_aware_beam,18,6071.968638,4486.156882,-1585.811756,26.116929,6071.968638,4486.156882,26.116929,17676.500000,17676.500000,23748.468638,22162.656882,6.677533,0.000000,0.000000,0.000000,0.000000,0.000000,0.000000,0.000000,34.000000,26.000000,8.000000,95.062208,357.640708,3.762175,target
strong_baseline_overnight_20260407_001243.zip|strong_baseline_overnight_20260407_001243/exp_strong_repeat_ind_5seed_300s/exp_strong_repeat_ind_5seed_300s__data6/baseline_pilot/seed_1004/placements.csv|148,path_distance_baseline,full_process_aware_beam,18,3973.227130,4486.156882,512.929751,-12.909651,3973.227130,4486.156882,-12.909651,17676.500000,17676.500000,21649.727130,22162.656882,-2.369220,0.000000,0.000000,0.000000,5.000000,0.000000,-5.000000,5.000000,28.000000,26.000000,2.000000,174.420625,357.640708,2.050450,target
strong_baseline_overnight_20260407_001243.zip|strong_baseline_overnight_20260407_001243/exp_strong_repeat_ind_5seed_300s/exp_strong_repeat_ind_5seed_300s__data6/baseline_pilot/seed_1004/placements.csv|148,no_detour_operator,full_process_aware_beam,18,6618.171155,4486.156882,-2132.014274,32.214553,6368.171155,4486.156882,29.553450,17676.500000,17676.500000,24294.671155,22162.656882,8.775646,0.000000,0.000000,0.000000,0.000000,0.000000,0.000000,0.000000,29.000000,26.000000,3.000000,111.477792,357.640708,3.208179,target
strong_baseline_overnight_20260407_001243.zip|strong_baseline_overnight_20260407_001243/exp_strong_repeat_ind_5seed_300s/exp_strong_repeat_ind_5seed_300s__data6/baseline_pilot/seed_1004/placements.csv|148,no_safe_travel_modes,full_process_aware_beam,18,3559.340836,4486.156882,926.816045,-26.038980,3559.340836,4486.156882,-26.038980,17676.500000,17676.500000,21235.840836,22162.656882,-4.364395,0.000000,0.000000,0.000000,0.000000,0.000000,0.000000,0.000000,26.000000,26.000000,0.000000,107.595125,357.640708,3.323949,baseline
strong_baseline_overnight_20260407_001243.zip|strong_baseline_overnight_20260407_001243/exp_strong_repeat_ind_5seed_300s/exp_strong_repeat_ind_5seed_300s__data6/baseline_pilot/seed_1004/placements.csv|149,single_edges_only,full_process_aware_beam,21,7660.760320,9188.068117,1527.307796,-19.936765,7660.760320,9188.068117,-19.936765,30190.000000,18356.000000,37850.760320,27544.068117,27.229816,0.000000,0.000000,0.000000,0.000000,0.000000,0.000000,0.000000,38.000000,51.000000,-13.000000,738.646417,531.020625,0.718910,target
strong_baseline_overnight_20260407_001243.zip|strong_baseline_overnight_20260407_001243/exp_strong_repeat_ind_5seed_300s/exp_strong_repeat_ind_5seed_300s__data6/baseline_pilot/seed_1004/placements.csv|149,no_stability_guidance,full_process_aware_beam,21,5810.327485,9188.068117,3377.740632,-58.133395,5560.327485,9188.068117,-65.243291,18356.000000,18356.000000,24166.327485,27544.068117,-13.977054,0.000000,0.000000,0.000000,4.000000,0.000000,-4.000000,4.000000,41.000000,51.000000,-10.000000,760.048000,531.020625,0.698667,target
strong_baseline_overnight_20260407_001243.zip|strong_baseline_overnight_20260407_001243/exp_strong_repeat_ind_5seed_300s/exp_strong_repeat_ind_5seed_300s__data6/baseline_pilot/seed_1004/placements.csv|149,no_adjacency_support_guidance,full_process_aware_beam,21,14009.357712,9188.068117,-4821.289596,34.414780,13759.357712,9188.068117,33.223132,18356.000000,18356.000000,32365.357712,27544.068117,14.896451,0.000000,0.000000,0.000000,0.000000,0.000000,0.000000,0.000000,69.000000,51.000000,18.000000,380.153833,531.020625,1.396857,target
strong_baseline_overnight_20260407_001243.zip|strong_baseline_overnight_20260407_001243/exp_strong_repeat_ind_5seed_300s/exp_strong_repeat_ind_5seed_300s__data6/baseline_pilot/seed_1004/placements.csv|149,topology_no_beam,full_process_aware_beam,21,9320.608447,9188.068117,-132.540330,1.422014,8820.608447,9188.068117,-4.165922,18356.000000,18356.000000,27676.608447,27544.068117,0.478889,0.000000,0.000000,0.000000,0.000000,0.000000,0.000000,0.000000,56.000000,51.000000,5.000000,227.451875,531.020625,2.334650,target
strong_baseline_overnight_20260407_001243.zip|strong_baseline_overnight_20260407_001243/exp_strong_repeat_ind_5seed_300s/exp_strong_repeat_ind_5seed_300s__data6/baseline_pilot/seed_1004/placements.csv|149,path_distance_baseline,full_process_aware_beam,21,6372.623526,9188.068117,2815.444591,-44.180306,5872.623526,9188.068117,-56.455936,18356.000000,18356.000000,24728.623526,27544.068117,-11.385367,0.000000,0.000000,0.000000,4.000000,0.000000,-4.000000,4.000000,40.000000,51.000000,-11.000000,248.452958,531.020625,2.137309,target
strong_baseline_overnight_20260407_001243.zip|strong_baseline_overnight_20260407_001243/exp_strong_repeat_ind_5seed_300s/exp_strong_repeat_ind_5seed_300s__data6/baseline_pilot/seed_1004/placements.csv|149,no_detour_operator,full_process_aware_beam,21,9191.289127,9188.068117,-3.221011,0.035044,8691.289127,9188.068117,-5.715826,18356.000000,18356.000000,27547.289127,27544.068117,0.011693,0.000000,0.000000,0.000000,0.000000,0.000000,0.000000,0.000000,53.000000,51.000000,2.000000,108.722917,531.020625,4.884165,target
strong_baseline_overnight_20260407_001243.zip|strong_baseline_overnight_20260407_001243/exp_strong_repeat_ind_5seed_300s/exp_strong_repeat_ind_5seed_300s__data6/baseline_pilot/seed_1004/placements.csv|149,no_safe_travel_modes,full_process_aware_beam,21,5486.564287,9188.068117,3701.503830,-67.464877,5486.564287,9188.068117,-67.464877,18356.000000,18356.000000,23842.564287,27544.068117,-15.524772,1.000000,0.000000,-1.000000,0.000000,0.000000,0.000000,0.000000,43.000000,51.000000,-8.000000,105.626917,531.020625,5.027323,target
strong_baseline_overnight_20260407_001243.zip|strong_baseline_overnight_20260407_001243/exp_strong_repeat_ind_5seed_300s/exp_strong_repeat_ind_5seed_300s__data6/baseline_pilot/seed_1004/placements.csv|150,single_edges_only,full_process_aware_beam,21,7865.286776,11856.632264,3991.345488,-50.746344,7615.286776,11856.632264,-55.695151,28626.000000,17382.000000,36491.286776,29238.632264,19.875031,0.000000,0.000000,0.000000,0.000000,0.000000,0.000000,0.000000,37.000000,61.000000,-24.000000,905.241750,517.062542,0.571187,target
strong_baseline_overnight_20260407_001243.zip|strong_baseline_overnight_20260407_001243/exp_strong_repeat_ind_5seed_300s/exp_strong_repeat_ind_5seed_300s__data6/baseline_pilot/seed_1004/placements.csv|150,no_stability_guidance,full_process_aware_beam,21,6708.111727,11856.632264,5148.520536,-76.750668,6708.111727,11856.632264,-76.750668,17382.000000,17382.000000,24090.111727,29238.632264,-21.371925,0.000000,0.000000,0.000000,5.000000,0.000000,-5.000000,5.000000,45.000000,61.000000,-16.000000,665.694416,517.062542,0.776727,target
strong_baseline_overnight_20260407_001243.zip|strong_baseline_overnight_20260407_001243/exp_strong_repeat_ind_5seed_300s/exp_strong_repeat_ind_5seed_300s__data6/baseline_pilot/seed_1004/placements.csv|150,no_adjacency_support_guidance,full_process_aware_beam,21,10936.634606,11856.632264,919.997658,-8.412073,10936.634606,11856.632264,-8.412073,17382.000000,17382.000000,28318.634606,29238.632264,-3.248736,0.000000,0.000000,0.000000,1.000000,0.000000,-1.000000,1.000000,59.000000,61.000000,-2.000000,178.350708,517.062542,2.899134,target
strong_baseline_overnight_20260407_001243.zip|strong_baseline_overnight_20260407_001243/exp_strong_repeat_ind_5seed_300s/exp_strong_repeat_ind_5seed_300s__data6/baseline_pilot/seed_1004/placements.csv|150,topology_no_beam,full_process_aware_beam,21,10506.366712,11856.632264,1350.265552,-12.851879,10506.366712,11856.632264,-12.851879,17382.000000,17382.000000,27888.366712,29238.632264,-4.841680,0.000000,0.000000,0.000000,0.000000,0.000000,0.000000,0.000000,60.000000,61.000000,-1.000000,215.436666,517.062542,2.400068,baseline
strong_baseline_overnight_20260407_001243.zip|strong_baseline_overnight_20260407_001243/exp_strong_repeat_ind_5seed_300s/exp_strong_repeat_ind_5seed_300s__data6/baseline_pilot/seed_1004/placements.csv|150,path_distance_baseline,full_process_aware_beam,21,5993.085801,11856.632264,5863.546462,-97.838520,5743.085801,11856.632264,-106.450551,17382.000000,17382.000000,23375.085801,29238.632264,-25.084599,0.000000,0.000000,0.000000,6.000000,0.000000,-6.000000,6.000000,43.000000,61.000000,-18.000000,266.228916,517.062542,1.942173,target
strong_baseline_overnight_20260407_001243.zip|strong_baseline_overnight_20260407_001243/exp_strong_repeat_ind_5seed_300s/exp_strong_repeat_ind_5seed_300s__data6/baseline_pilot/seed_1004/placements.csv|150,no_detour_operator,full_process_aware_beam,21,13990.488557,11856.632264,-2133.856294,15.252193,13240.488557,11856.632264,10.451701,17382.000000,17382.000000,31372.488557,29238.632264,6.801680,0.000000,0.000000,0.000000,0.000000,0.000000,0.000000,0.000000,64.000000,61.000000,3.000000,102.690625,517.062542,5.035148,target
strong_baseline_overnight_20260407_001243.zip|strong_baseline_overnight_20260407_001243/exp_strong_repeat_ind_5seed_300s/exp_strong_repeat_ind_5seed_300s__data6/baseline_pilot/seed_1004/placements.csv|150,no_safe_travel_modes,full_process_aware_beam,21,9322.897356,11856.632264,2533.734908,-27.177548,9322.897356,11856.632264,-27.177548,17382.000000,17382.000000,26704.897356,29238.632264,-9.487904,2.000000,0.000000,-2.000000,0.000000,0.000000,0.000000,0.000000,57.000000,61.000000,-4.000000,105.114792,517.062542,4.919027,target
